--插入能耗表数据

insert into t_oam_energy (ID, TUNNEL_ID, VALUE, UNIT_PRICE, CRT_TIME)
values (1900, 5, 580, 1.5, to_date('15-06-2018 17:08:53', 'dd-mm-yyyy hh24:mi:ss'));

insert into t_oam_energy (ID, TUNNEL_ID, VALUE, UNIT_PRICE, CRT_TIME)
values (1001, 1, 101.2, 1.5, to_date('15-06-2018 17:08:53', 'dd-mm-yyyy hh24:mi:ss'));

insert into t_oam_energy (ID, TUNNEL_ID, VALUE, UNIT_PRICE, CRT_TIME)
values (1723, 4, 701.8, 1.5, to_date('15-06-2018 17:08:53', 'dd-mm-yyyy hh24:mi:ss'));

insert into t_oam_energy (ID, TUNNEL_ID, VALUE, UNIT_PRICE, CRT_TIME)
values (1468, 3, 455, 1.5, to_date('15-06-2018 17:08:53', 'dd-mm-yyyy hh24:mi:ss'));

insert into t_oam_energy (ID, TUNNEL_ID, VALUE, UNIT_PRICE, CRT_TIME)
values (1362, 2, 899.5, 1.5, to_date('15-06-2018 17:08:53', 'dd-mm-yyyy hh24:mi:ss'));

insert into t_oam_energy (ID, TUNNEL_ID, VALUE, UNIT_PRICE, CRT_TIME)
values (1913, 5, 638.7, 1.501, to_date('14-06-2018 17:08:53', 'dd-mm-yyyy hh24:mi:ss'));

insert into t_oam_energy (ID, TUNNEL_ID, VALUE, UNIT_PRICE, CRT_TIME)
values (1120, 1, 701.9, 1.501, to_date('14-06-2018 17:08:53', 'dd-mm-yyyy hh24:mi:ss'));

insert into t_oam_energy (ID, TUNNEL_ID, VALUE, UNIT_PRICE, CRT_TIME)
values (1648, 4, 363.7, 1.501, to_date('14-06-2018 17:08:53', 'dd-mm-yyyy hh24:mi:ss'));

insert into t_oam_energy (ID, TUNNEL_ID, VALUE, UNIT_PRICE, CRT_TIME)
values (1530, 3, 759, 1.501, to_date('14-06-2018 17:08:53', 'dd-mm-yyyy hh24:mi:ss'));

insert into t_oam_energy (ID, TUNNEL_ID, VALUE, UNIT_PRICE, CRT_TIME)
values (1269, 2, 444.4, 1.501, to_date('14-06-2018 17:08:53', 'dd-mm-yyyy hh24:mi:ss'));

insert into t_oam_energy (ID, TUNNEL_ID, VALUE, UNIT_PRICE, CRT_TIME)
values (1992, 5, 1057.4, 1.502, to_date('13-06-2018 17:08:53', 'dd-mm-yyyy hh24:mi:ss'));

insert into t_oam_energy (ID, TUNNEL_ID, VALUE, UNIT_PRICE, CRT_TIME)
values (1103, 1, 635.5, 1.502, to_date('13-06-2018 17:08:53', 'dd-mm-yyyy hh24:mi:ss'));

insert into t_oam_energy (ID, TUNNEL_ID, VALUE, UNIT_PRICE, CRT_TIME)
values (1687, 4, 554.2, 1.502, to_date('13-06-2018 17:08:53', 'dd-mm-yyyy hh24:mi:ss'));

insert into t_oam_energy (ID, TUNNEL_ID, VALUE, UNIT_PRICE, CRT_TIME)
values (1523, 3, 729, 1.502, to_date('13-06-2018 17:08:53', 'dd-mm-yyyy hh24:mi:ss'));

insert into t_oam_energy (ID, TUNNEL_ID, VALUE, UNIT_PRICE, CRT_TIME)
values (1240, 2, 283.6, 1.502, to_date('13-06-2018 17:08:53', 'dd-mm-yyyy hh24:mi:ss'));

insert into t_oam_energy (ID, TUNNEL_ID, VALUE, UNIT_PRICE, CRT_TIME)
values (1959, 5, 853.1, 1.503, to_date('12-06-2018 17:08:53', 'dd-mm-yyyy hh24:mi:ss'));

insert into t_oam_energy (ID, TUNNEL_ID, VALUE, UNIT_PRICE, CRT_TIME)
values (1200, 1, 1095.9, 1.503, to_date('12-06-2018 17:08:53', 'dd-mm-yyyy hh24:mi:ss'));

insert into t_oam_energy (ID, TUNNEL_ID, VALUE, UNIT_PRICE, CRT_TIME)
values (1721, 4, 700.8, 1.503, to_date('12-06-2018 17:08:53', 'dd-mm-yyyy hh24:mi:ss'));

insert into t_oam_energy (ID, TUNNEL_ID, VALUE, UNIT_PRICE, CRT_TIME)
values (1600, 3, 1099.5, 1.503, to_date('12-06-2018 17:08:53', 'dd-mm-yyyy hh24:mi:ss'));

insert into t_oam_energy (ID, TUNNEL_ID, VALUE, UNIT_PRICE, CRT_TIME)
values (1270, 2, 445.2, 1.503, to_date('12-06-2018 17:08:53', 'dd-mm-yyyy hh24:mi:ss'));

insert into t_oam_energy (ID, TUNNEL_ID, VALUE, UNIT_PRICE, CRT_TIME)
values (1903, 5, 586.9, 1.504, to_date('11-06-2018 17:08:53', 'dd-mm-yyyy hh24:mi:ss'));

insert into t_oam_energy (ID, TUNNEL_ID, VALUE, UNIT_PRICE, CRT_TIME)
values (1019, 1, 187.5, 1.504, to_date('11-06-2018 17:08:53', 'dd-mm-yyyy hh24:mi:ss'));

insert into t_oam_energy (ID, TUNNEL_ID, VALUE, UNIT_PRICE, CRT_TIME)
values (1786, 4, 1036.2, 1.504, to_date('11-06-2018 17:08:53', 'dd-mm-yyyy hh24:mi:ss'));

insert into t_oam_energy (ID, TUNNEL_ID, VALUE, UNIT_PRICE, CRT_TIME)
values (1437, 3, 328.7, 1.504, to_date('11-06-2018 17:08:53', 'dd-mm-yyyy hh24:mi:ss'));

insert into t_oam_energy (ID, TUNNEL_ID, VALUE, UNIT_PRICE, CRT_TIME)
values (1231, 2, 253.8, 1.504, to_date('11-06-2018 17:08:53', 'dd-mm-yyyy hh24:mi:ss'));

insert into t_oam_energy (ID, TUNNEL_ID, VALUE, UNIT_PRICE, CRT_TIME)
values (1139, 1, 789.3, 1.505, to_date('10-06-2018 17:08:53', 'dd-mm-yyyy hh24:mi:ss'));

insert into t_oam_energy (ID, TUNNEL_ID, VALUE, UNIT_PRICE, CRT_TIME)
values (1294, 2, 528.1, 1.505, to_date('10-06-2018 17:08:53', 'dd-mm-yyyy hh24:mi:ss'));

insert into t_oam_energy (ID, TUNNEL_ID, VALUE, UNIT_PRICE, CRT_TIME)
values (1847, 5, 286.4, 1.505, to_date('10-06-2018 17:08:53', 'dd-mm-yyyy hh24:mi:ss'));

insert into t_oam_energy (ID, TUNNEL_ID, VALUE, UNIT_PRICE, CRT_TIME)
values (1607, 4, 156.6, 1.505, to_date('10-06-2018 17:08:53', 'dd-mm-yyyy hh24:mi:ss'));

insert into t_oam_energy (ID, TUNNEL_ID, VALUE, UNIT_PRICE, CRT_TIME)
values (1540, 3, 820.8, 1.505, to_date('10-06-2018 17:08:53', 'dd-mm-yyyy hh24:mi:ss'));

insert into t_oam_energy (ID, TUNNEL_ID, VALUE, UNIT_PRICE, CRT_TIME)
values (1985, 5, 1008.7, 1.506, to_date('09-06-2018 17:08:53', 'dd-mm-yyyy hh24:mi:ss'));

insert into t_oam_energy (ID, TUNNEL_ID, VALUE, UNIT_PRICE, CRT_TIME)
values (1025, 1, 214.4, 1.506, to_date('09-06-2018 17:08:53', 'dd-mm-yyyy hh24:mi:ss'));

insert into t_oam_energy (ID, TUNNEL_ID, VALUE, UNIT_PRICE, CRT_TIME)
values (1684, 4, 540.8, 1.506, to_date('09-06-2018 17:08:53', 'dd-mm-yyyy hh24:mi:ss'));

insert into t_oam_energy (ID, TUNNEL_ID, VALUE, UNIT_PRICE, CRT_TIME)
values (1501, 3, 658.3, 1.506, to_date('09-06-2018 17:08:53', 'dd-mm-yyyy hh24:mi:ss'));

insert into t_oam_energy (ID, TUNNEL_ID, VALUE, UNIT_PRICE, CRT_TIME)
values (1274, 2, 458.6, 1.506, to_date('09-06-2018 17:08:53', 'dd-mm-yyyy hh24:mi:ss'));

insert into t_oam_energy (ID, TUNNEL_ID, VALUE, UNIT_PRICE, CRT_TIME)
values (2000, 5, 1096.1, 1.507, to_date('08-06-2018 17:08:53', 'dd-mm-yyyy hh24:mi:ss'));

insert into t_oam_energy (ID, TUNNEL_ID, VALUE, UNIT_PRICE, CRT_TIME)
values (1076, 1, 546.5, 1.507, to_date('08-06-2018 17:08:53', 'dd-mm-yyyy hh24:mi:ss'));

insert into t_oam_energy (ID, TUNNEL_ID, VALUE, UNIT_PRICE, CRT_TIME)
values (1715, 4, 655.2, 1.507, to_date('08-06-2018 17:08:53', 'dd-mm-yyyy hh24:mi:ss'));

insert into t_oam_energy (ID, TUNNEL_ID, VALUE, UNIT_PRICE, CRT_TIME)
values (1522, 3, 723.9, 1.507, to_date('08-06-2018 17:08:53', 'dd-mm-yyyy hh24:mi:ss'));

insert into t_oam_energy (ID, TUNNEL_ID, VALUE, UNIT_PRICE, CRT_TIME)
values (1350, 2, 821.7, 1.507, to_date('08-06-2018 17:08:53', 'dd-mm-yyyy hh24:mi:ss'));

insert into t_oam_energy (ID, TUNNEL_ID, VALUE, UNIT_PRICE, CRT_TIME)
values (1878, 5, 488.5, 1.508, to_date('07-06-2018 17:08:53', 'dd-mm-yyyy hh24:mi:ss'));

insert into t_oam_energy (ID, TUNNEL_ID, VALUE, UNIT_PRICE, CRT_TIME)
values (1125, 1, 716.2, 1.508, to_date('07-06-2018 17:08:53', 'dd-mm-yyyy hh24:mi:ss'));

insert into t_oam_energy (ID, TUNNEL_ID, VALUE, UNIT_PRICE, CRT_TIME)
values (1706, 4, 625.5, 1.508, to_date('07-06-2018 17:08:53', 'dd-mm-yyyy hh24:mi:ss'));

insert into t_oam_energy (ID, TUNNEL_ID, VALUE, UNIT_PRICE, CRT_TIME)
values (1561, 3, 916.2, 1.508, to_date('07-06-2018 17:08:53', 'dd-mm-yyyy hh24:mi:ss'));

insert into t_oam_energy (ID, TUNNEL_ID, VALUE, UNIT_PRICE, CRT_TIME)
values (1273, 2, 451.2, 1.508, to_date('07-06-2018 17:08:53', 'dd-mm-yyyy hh24:mi:ss'));

insert into t_oam_energy (ID, TUNNEL_ID, VALUE, UNIT_PRICE, CRT_TIME)
values (1176, 1, 996.2, 1.509, to_date('06-06-2018 17:08:53', 'dd-mm-yyyy hh24:mi:ss'));

insert into t_oam_energy (ID, TUNNEL_ID, VALUE, UNIT_PRICE, CRT_TIME)
values (1221, 2, 190.9, 1.509, to_date('06-06-2018 17:08:53', 'dd-mm-yyyy hh24:mi:ss'));

insert into t_oam_energy (ID, TUNNEL_ID, VALUE, UNIT_PRICE, CRT_TIME)
values (1835, 5, 245.8, 1.509, to_date('06-06-2018 17:08:53', 'dd-mm-yyyy hh24:mi:ss'));

insert into t_oam_energy (ID, TUNNEL_ID, VALUE, UNIT_PRICE, CRT_TIME)
values (1705, 4, 625, 1.509, to_date('06-06-2018 17:08:53', 'dd-mm-yyyy hh24:mi:ss'));

insert into t_oam_energy (ID, TUNNEL_ID, VALUE, UNIT_PRICE, CRT_TIME)
values (1490, 3, 592.6, 1.509, to_date('06-06-2018 17:08:53', 'dd-mm-yyyy hh24:mi:ss'));

insert into t_oam_energy (ID, TUNNEL_ID, VALUE, UNIT_PRICE, CRT_TIME)
values (1961, 5, 866.5, 1.51, to_date('05-06-2018 17:08:53', 'dd-mm-yyyy hh24:mi:ss'));

insert into t_oam_energy (ID, TUNNEL_ID, VALUE, UNIT_PRICE, CRT_TIME)
values (1058, 1, 440.1, 1.51, to_date('05-06-2018 17:08:53', 'dd-mm-yyyy hh24:mi:ss'));

insert into t_oam_energy (ID, TUNNEL_ID, VALUE, UNIT_PRICE, CRT_TIME)
values (1709, 4, 635.7, 1.51, to_date('05-06-2018 17:08:53', 'dd-mm-yyyy hh24:mi:ss'));

insert into t_oam_energy (ID, TUNNEL_ID, VALUE, UNIT_PRICE, CRT_TIME)
values (1448, 3, 376.9, 1.51, to_date('05-06-2018 17:08:53', 'dd-mm-yyyy hh24:mi:ss'));

insert into t_oam_energy (ID, TUNNEL_ID, VALUE, UNIT_PRICE, CRT_TIME)
values (1255, 2, 365.5, 1.51, to_date('05-06-2018 17:08:53', 'dd-mm-yyyy hh24:mi:ss'));

insert into t_oam_energy (ID, TUNNEL_ID, VALUE, UNIT_PRICE, CRT_TIME)
values (1086, 1, 580.3, 1.511, to_date('04-06-2018 17:08:53', 'dd-mm-yyyy hh24:mi:ss'));

insert into t_oam_energy (ID, TUNNEL_ID, VALUE, UNIT_PRICE, CRT_TIME)
values (1280, 2, 493.6, 1.511, to_date('04-06-2018 17:08:53', 'dd-mm-yyyy hh24:mi:ss'));

insert into t_oam_energy (ID, TUNNEL_ID, VALUE, UNIT_PRICE, CRT_TIME)
values (1817, 5, 177.1, 1.511, to_date('04-06-2018 17:08:53', 'dd-mm-yyyy hh24:mi:ss'));

insert into t_oam_energy (ID, TUNNEL_ID, VALUE, UNIT_PRICE, CRT_TIME)
values (1618, 4, 200.4, 1.511, to_date('04-06-2018 17:08:53', 'dd-mm-yyyy hh24:mi:ss'));

insert into t_oam_energy (ID, TUNNEL_ID, VALUE, UNIT_PRICE, CRT_TIME)
values (1415, 3, 225.6, 1.511, to_date('04-06-2018 17:08:53', 'dd-mm-yyyy hh24:mi:ss'));

insert into t_oam_energy (ID, TUNNEL_ID, VALUE, UNIT_PRICE, CRT_TIME)
values (1972, 5, 932.3, 1.512, to_date('03-06-2018 17:08:53', 'dd-mm-yyyy hh24:mi:ss'));

insert into t_oam_energy (ID, TUNNEL_ID, VALUE, UNIT_PRICE, CRT_TIME)
values (1167, 1, 951.3, 1.512, to_date('03-06-2018 17:08:53', 'dd-mm-yyyy hh24:mi:ss'));

insert into t_oam_energy (ID, TUNNEL_ID, VALUE, UNIT_PRICE, CRT_TIME)
values (1707, 4, 625.6, 1.512, to_date('03-06-2018 17:08:53', 'dd-mm-yyyy hh24:mi:ss'));

insert into t_oam_energy (ID, TUNNEL_ID, VALUE, UNIT_PRICE, CRT_TIME)
values (1445, 3, 371.5, 1.512, to_date('03-06-2018 17:08:53', 'dd-mm-yyyy hh24:mi:ss'));

insert into t_oam_energy (ID, TUNNEL_ID, VALUE, UNIT_PRICE, CRT_TIME)
values (1239, 2, 280.6, 1.512, to_date('03-06-2018 17:08:53', 'dd-mm-yyyy hh24:mi:ss'));

insert into t_oam_energy (ID, TUNNEL_ID, VALUE, UNIT_PRICE, CRT_TIME)
values (1875, 5, 470, 1.513, to_date('02-06-2018 17:08:53', 'dd-mm-yyyy hh24:mi:ss'));

insert into t_oam_energy (ID, TUNNEL_ID, VALUE, UNIT_PRICE, CRT_TIME)
values (1023, 1, 208.5, 1.513, to_date('02-06-2018 17:08:53', 'dd-mm-yyyy hh24:mi:ss'));

insert into t_oam_energy (ID, TUNNEL_ID, VALUE, UNIT_PRICE, CRT_TIME)
values (1344, 2, 808.8, 1.513, to_date('02-06-2018 17:08:53', 'dd-mm-yyyy hh24:mi:ss'));

insert into t_oam_energy (ID, TUNNEL_ID, VALUE, UNIT_PRICE, CRT_TIME)
values (1546, 3, 848.8, 1.513, to_date('02-06-2018 17:08:53', 'dd-mm-yyyy hh24:mi:ss'));

insert into t_oam_energy (ID, TUNNEL_ID, VALUE, UNIT_PRICE, CRT_TIME)
values (1763, 4, 917.3, 1.513, to_date('02-06-2018 17:08:53', 'dd-mm-yyyy hh24:mi:ss'));

insert into t_oam_energy (ID, TUNNEL_ID, VALUE, UNIT_PRICE, CRT_TIME)
values (1092, 1, 603.5, 1.514, to_date('01-06-2018 17:08:53', 'dd-mm-yyyy hh24:mi:ss'));

insert into t_oam_energy (ID, TUNNEL_ID, VALUE, UNIT_PRICE, CRT_TIME)
values (1210, 2, 140.6, 1.514, to_date('01-06-2018 17:08:53', 'dd-mm-yyyy hh24:mi:ss'));

insert into t_oam_energy (ID, TUNNEL_ID, VALUE, UNIT_PRICE, CRT_TIME)
values (1849, 5, 295.3, 1.514, to_date('01-06-2018 17:08:53', 'dd-mm-yyyy hh24:mi:ss'));

insert into t_oam_energy (ID, TUNNEL_ID, VALUE, UNIT_PRICE, CRT_TIME)
values (1603, 4, 126.1, 1.514, to_date('01-06-2018 17:08:53', 'dd-mm-yyyy hh24:mi:ss'));

insert into t_oam_energy (ID, TUNNEL_ID, VALUE, UNIT_PRICE, CRT_TIME)
values (1452, 3, 382.7, 1.514, to_date('01-06-2018 17:08:53', 'dd-mm-yyyy hh24:mi:ss'));

insert into t_oam_energy (ID, TUNNEL_ID, VALUE, UNIT_PRICE, CRT_TIME)
values (1908, 5, 608.2, 1.515, to_date('31-05-2018 17:08:53', 'dd-mm-yyyy hh24:mi:ss'));

insert into t_oam_energy (ID, TUNNEL_ID, VALUE, UNIT_PRICE, CRT_TIME)
values (1579, 3, 1018.1, 1.515, to_date('31-05-2018 17:08:53', 'dd-mm-yyyy hh24:mi:ss'));

insert into t_oam_energy (ID, TUNNEL_ID, VALUE, UNIT_PRICE, CRT_TIME)
values (1233, 2, 262, 1.515, to_date('31-05-2018 17:08:53', 'dd-mm-yyyy hh24:mi:ss'));

insert into t_oam_energy (ID, TUNNEL_ID, VALUE, UNIT_PRICE, CRT_TIME)
values (1164, 1, 931.9, 1.515, to_date('31-05-2018 17:08:53', 'dd-mm-yyyy hh24:mi:ss'));

insert into t_oam_energy (ID, TUNNEL_ID, VALUE, UNIT_PRICE, CRT_TIME)
values (1800, 4, 1097.6, 1.515, to_date('31-05-2018 17:08:53', 'dd-mm-yyyy hh24:mi:ss'));

insert into t_oam_energy (ID, TUNNEL_ID, VALUE, UNIT_PRICE, CRT_TIME)
values (1979, 5, 968, 1.516, to_date('30-05-2018 17:08:53', 'dd-mm-yyyy hh24:mi:ss'));

insert into t_oam_energy (ID, TUNNEL_ID, VALUE, UNIT_PRICE, CRT_TIME)
values (1570, 3, 963.3, 1.516, to_date('30-05-2018 17:08:53', 'dd-mm-yyyy hh24:mi:ss'));

insert into t_oam_energy (ID, TUNNEL_ID, VALUE, UNIT_PRICE, CRT_TIME)
values (1220, 2, 183.3, 1.516, to_date('30-05-2018 17:08:53', 'dd-mm-yyyy hh24:mi:ss'));

insert into t_oam_energy (ID, TUNNEL_ID, VALUE, UNIT_PRICE, CRT_TIME)
values (1182, 1, 1026.5, 1.516, to_date('30-05-2018 17:08:53', 'dd-mm-yyyy hh24:mi:ss'));

insert into t_oam_energy (ID, TUNNEL_ID, VALUE, UNIT_PRICE, CRT_TIME)
values (1725, 4, 705.4, 1.516, to_date('30-05-2018 17:08:53', 'dd-mm-yyyy hh24:mi:ss'));

insert into t_oam_energy (ID, TUNNEL_ID, VALUE, UNIT_PRICE, CRT_TIME)
values (1934, 5, 744.4, 1.517, to_date('29-05-2018 17:08:53', 'dd-mm-yyyy hh24:mi:ss'));

insert into t_oam_energy (ID, TUNNEL_ID, VALUE, UNIT_PRICE, CRT_TIME)
values (1521, 3, 718.3, 1.517, to_date('29-05-2018 17:08:53', 'dd-mm-yyyy hh24:mi:ss'));

insert into t_oam_energy (ID, TUNNEL_ID, VALUE, UNIT_PRICE, CRT_TIME)
values (1383, 2, 1012.7, 1.517, to_date('29-05-2018 17:08:53', 'dd-mm-yyyy hh24:mi:ss'));

insert into t_oam_energy (ID, TUNNEL_ID, VALUE, UNIT_PRICE, CRT_TIME)
values (1178, 1, 1001.7, 1.517, to_date('29-05-2018 17:08:53', 'dd-mm-yyyy hh24:mi:ss'));

insert into t_oam_energy (ID, TUNNEL_ID, VALUE, UNIT_PRICE, CRT_TIME)
values (1783, 4, 1024.6, 1.517, to_date('29-05-2018 17:08:53', 'dd-mm-yyyy hh24:mi:ss'));

insert into t_oam_energy (ID, TUNNEL_ID, VALUE, UNIT_PRICE, CRT_TIME)
values (1909, 5, 617, 1.518, to_date('28-05-2018 17:08:53', 'dd-mm-yyyy hh24:mi:ss'));

insert into t_oam_energy (ID, TUNNEL_ID, VALUE, UNIT_PRICE, CRT_TIME)
values (1425, 3, 280.3, 1.518, to_date('28-05-2018 17:08:53', 'dd-mm-yyyy hh24:mi:ss'));

insert into t_oam_energy (ID, TUNNEL_ID, VALUE, UNIT_PRICE, CRT_TIME)
values (1271, 2, 445.6, 1.518, to_date('28-05-2018 17:08:53', 'dd-mm-yyyy hh24:mi:ss'));

insert into t_oam_energy (ID, TUNNEL_ID, VALUE, UNIT_PRICE, CRT_TIME)
values (1067, 1, 492.5, 1.518, to_date('28-05-2018 17:08:53', 'dd-mm-yyyy hh24:mi:ss'));

insert into t_oam_energy (ID, TUNNEL_ID, VALUE, UNIT_PRICE, CRT_TIME)
values (1712, 4, 645.2, 1.518, to_date('28-05-2018 17:08:53', 'dd-mm-yyyy hh24:mi:ss'));

insert into t_oam_energy (ID, TUNNEL_ID, VALUE, UNIT_PRICE, CRT_TIME)
values (1981, 5, 971.1, 1.519, to_date('27-05-2018 17:08:53', 'dd-mm-yyyy hh24:mi:ss'));

insert into t_oam_energy (ID, TUNNEL_ID, VALUE, UNIT_PRICE, CRT_TIME)
values (1442, 3, 352.7, 1.519, to_date('27-05-2018 17:08:53', 'dd-mm-yyyy hh24:mi:ss'));

insert into t_oam_energy (ID, TUNNEL_ID, VALUE, UNIT_PRICE, CRT_TIME)
values (1398, 2, 1092.8, 1.519, to_date('27-05-2018 17:08:53', 'dd-mm-yyyy hh24:mi:ss'));

insert into t_oam_energy (ID, TUNNEL_ID, VALUE, UNIT_PRICE, CRT_TIME)
values (1030, 1, 263.1, 1.519, to_date('27-05-2018 17:08:53', 'dd-mm-yyyy hh24:mi:ss'));

insert into t_oam_energy (ID, TUNNEL_ID, VALUE, UNIT_PRICE, CRT_TIME)
values (1643, 4, 354.3, 1.519, to_date('27-05-2018 17:08:53', 'dd-mm-yyyy hh24:mi:ss'));

insert into t_oam_energy (ID, TUNNEL_ID, VALUE, UNIT_PRICE, CRT_TIME)
values (1915, 5, 666.2, 1.52, to_date('26-05-2018 17:08:53', 'dd-mm-yyyy hh24:mi:ss'));

insert into t_oam_energy (ID, TUNNEL_ID, VALUE, UNIT_PRICE, CRT_TIME)
values (1469, 3, 462.7, 1.52, to_date('26-05-2018 17:08:53', 'dd-mm-yyyy hh24:mi:ss'));

insert into t_oam_energy (ID, TUNNEL_ID, VALUE, UNIT_PRICE, CRT_TIME)
values (1313, 2, 640.6, 1.52, to_date('26-05-2018 17:08:53', 'dd-mm-yyyy hh24:mi:ss'));

insert into t_oam_energy (ID, TUNNEL_ID, VALUE, UNIT_PRICE, CRT_TIME)
values (1108, 1, 653.1, 1.52, to_date('26-05-2018 17:08:53', 'dd-mm-yyyy hh24:mi:ss'));

insert into t_oam_energy (ID, TUNNEL_ID, VALUE, UNIT_PRICE, CRT_TIME)
values (1756, 4, 888.7, 1.52, to_date('26-05-2018 17:08:53', 'dd-mm-yyyy hh24:mi:ss'));

insert into t_oam_energy (ID, TUNNEL_ID, VALUE, UNIT_PRICE, CRT_TIME)
values (1917, 5, 685.8, 1.521, to_date('25-05-2018 17:08:53', 'dd-mm-yyyy hh24:mi:ss'));

insert into t_oam_energy (ID, TUNNEL_ID, VALUE, UNIT_PRICE, CRT_TIME)
values (1514, 3, 688.2, 1.521, to_date('25-05-2018 17:08:53', 'dd-mm-yyyy hh24:mi:ss'));

insert into t_oam_energy (ID, TUNNEL_ID, VALUE, UNIT_PRICE, CRT_TIME)
values (1356, 2, 857.2, 1.521, to_date('25-05-2018 17:08:53', 'dd-mm-yyyy hh24:mi:ss'));

insert into t_oam_energy (ID, TUNNEL_ID, VALUE, UNIT_PRICE, CRT_TIME)
values (1074, 1, 545.5, 1.521, to_date('25-05-2018 17:08:53', 'dd-mm-yyyy hh24:mi:ss'));

insert into t_oam_energy (ID, TUNNEL_ID, VALUE, UNIT_PRICE, CRT_TIME)
values (1737, 4, 758.1, 1.521, to_date('25-05-2018 17:08:53', 'dd-mm-yyyy hh24:mi:ss'));

insert into t_oam_energy (ID, TUNNEL_ID, VALUE, UNIT_PRICE, CRT_TIME)
values (1862, 5, 387.3, 1.522, to_date('24-05-2018 17:08:53', 'dd-mm-yyyy hh24:mi:ss'));

insert into t_oam_energy (ID, TUNNEL_ID, VALUE, UNIT_PRICE, CRT_TIME)
values (1405, 3, 157.3, 1.522, to_date('24-05-2018 17:08:53', 'dd-mm-yyyy hh24:mi:ss'));

insert into t_oam_energy (ID, TUNNEL_ID, VALUE, UNIT_PRICE, CRT_TIME)
values (1393, 2, 1050.9, 1.522, to_date('24-05-2018 17:08:53', 'dd-mm-yyyy hh24:mi:ss'));

insert into t_oam_energy (ID, TUNNEL_ID, VALUE, UNIT_PRICE, CRT_TIME)
values (1118, 1, 693, 1.522, to_date('24-05-2018 17:08:53', 'dd-mm-yyyy hh24:mi:ss'));

insert into t_oam_energy (ID, TUNNEL_ID, VALUE, UNIT_PRICE, CRT_TIME)
values (1651, 4, 374.2, 1.522, to_date('24-05-2018 17:08:53', 'dd-mm-yyyy hh24:mi:ss'));

insert into t_oam_energy (ID, TUNNEL_ID, VALUE, UNIT_PRICE, CRT_TIME)
values (1945, 5, 772.8, 1.523, to_date('23-05-2018 17:08:53', 'dd-mm-yyyy hh24:mi:ss'));

insert into t_oam_energy (ID, TUNNEL_ID, VALUE, UNIT_PRICE, CRT_TIME)
values (1424, 3, 276, 1.523, to_date('23-05-2018 17:08:53', 'dd-mm-yyyy hh24:mi:ss'));

insert into t_oam_energy (ID, TUNNEL_ID, VALUE, UNIT_PRICE, CRT_TIME)
values (1219, 2, 181.1, 1.523, to_date('23-05-2018 17:08:53', 'dd-mm-yyyy hh24:mi:ss'));

insert into t_oam_energy (ID, TUNNEL_ID, VALUE, UNIT_PRICE, CRT_TIME)
values (1094, 1, 606.6, 1.523, to_date('23-05-2018 17:08:53', 'dd-mm-yyyy hh24:mi:ss'));

insert into t_oam_energy (ID, TUNNEL_ID, VALUE, UNIT_PRICE, CRT_TIME)
values (1613, 4, 171.3, 1.523, to_date('23-05-2018 17:08:53', 'dd-mm-yyyy hh24:mi:ss'));

insert into t_oam_energy (ID, TUNNEL_ID, VALUE, UNIT_PRICE, CRT_TIME)
values (1918, 5, 686.7, 1.524, to_date('22-05-2018 17:08:53', 'dd-mm-yyyy hh24:mi:ss'));

insert into t_oam_energy (ID, TUNNEL_ID, VALUE, UNIT_PRICE, CRT_TIME)
values (1505, 3, 661.8, 1.524, to_date('22-05-2018 17:08:53', 'dd-mm-yyyy hh24:mi:ss'));

insert into t_oam_energy (ID, TUNNEL_ID, VALUE, UNIT_PRICE, CRT_TIME)
values (1341, 2, 790.3, 1.524, to_date('22-05-2018 17:08:53', 'dd-mm-yyyy hh24:mi:ss'));

insert into t_oam_energy (ID, TUNNEL_ID, VALUE, UNIT_PRICE, CRT_TIME)
values (1193, 1, 1061.2, 1.524, to_date('22-05-2018 17:08:53', 'dd-mm-yyyy hh24:mi:ss'));

insert into t_oam_energy (ID, TUNNEL_ID, VALUE, UNIT_PRICE, CRT_TIME)
values (1789, 4, 1050.6, 1.524, to_date('22-05-2018 17:08:53', 'dd-mm-yyyy hh24:mi:ss'));

insert into t_oam_energy (ID, TUNNEL_ID, VALUE, UNIT_PRICE, CRT_TIME)
values (1852, 5, 305.7, 1.525, to_date('21-05-2018 17:08:53', 'dd-mm-yyyy hh24:mi:ss'));

insert into t_oam_energy (ID, TUNNEL_ID, VALUE, UNIT_PRICE, CRT_TIME)
values (1588, 3, 1052, 1.525, to_date('21-05-2018 17:08:53', 'dd-mm-yyyy hh24:mi:ss'));

insert into t_oam_energy (ID, TUNNEL_ID, VALUE, UNIT_PRICE, CRT_TIME)
values (1257, 2, 374.5, 1.525, to_date('21-05-2018 17:08:53', 'dd-mm-yyyy hh24:mi:ss'));

insert into t_oam_energy (ID, TUNNEL_ID, VALUE, UNIT_PRICE, CRT_TIME)
values (1187, 1, 1035.9, 1.525, to_date('21-05-2018 17:08:53', 'dd-mm-yyyy hh24:mi:ss'));

insert into t_oam_energy (ID, TUNNEL_ID, VALUE, UNIT_PRICE, CRT_TIME)
values (1760, 4, 911.8, 1.525, to_date('21-05-2018 17:08:53', 'dd-mm-yyyy hh24:mi:ss'));

insert into t_oam_energy (ID, TUNNEL_ID, VALUE, UNIT_PRICE, CRT_TIME)
values (1833, 5, 242.6, 1.526, to_date('20-05-2018 17:08:53', 'dd-mm-yyyy hh24:mi:ss'));

insert into t_oam_energy (ID, TUNNEL_ID, VALUE, UNIT_PRICE, CRT_TIME)
values (1408, 3, 179.4, 1.526, to_date('20-05-2018 17:08:53', 'dd-mm-yyyy hh24:mi:ss'));

insert into t_oam_energy (ID, TUNNEL_ID, VALUE, UNIT_PRICE, CRT_TIME)
values (1389, 2, 1036.7, 1.526, to_date('20-05-2018 17:08:53', 'dd-mm-yyyy hh24:mi:ss'));

insert into t_oam_energy (ID, TUNNEL_ID, VALUE, UNIT_PRICE, CRT_TIME)
values (1192, 1, 1060.4, 1.526, to_date('20-05-2018 17:08:53', 'dd-mm-yyyy hh24:mi:ss'));

insert into t_oam_energy (ID, TUNNEL_ID, VALUE, UNIT_PRICE, CRT_TIME)
values (1602, 4, 124.6, 1.526, to_date('20-05-2018 17:08:53', 'dd-mm-yyyy hh24:mi:ss'));

insert into t_oam_energy (ID, TUNNEL_ID, VALUE, UNIT_PRICE, CRT_TIME)
values (1891, 5, 541.4, 1.527, to_date('19-05-2018 17:08:53', 'dd-mm-yyyy hh24:mi:ss'));

insert into t_oam_energy (ID, TUNNEL_ID, VALUE, UNIT_PRICE, CRT_TIME)
values (1488, 3, 589.3, 1.527, to_date('19-05-2018 17:08:53', 'dd-mm-yyyy hh24:mi:ss'));

insert into t_oam_energy (ID, TUNNEL_ID, VALUE, UNIT_PRICE, CRT_TIME)
values (1251, 2, 343.5, 1.527, to_date('19-05-2018 17:08:53', 'dd-mm-yyyy hh24:mi:ss'));

insert into t_oam_energy (ID, TUNNEL_ID, VALUE, UNIT_PRICE, CRT_TIME)
values (1181, 1, 1014.9, 1.527, to_date('19-05-2018 17:08:53', 'dd-mm-yyyy hh24:mi:ss'));

insert into t_oam_energy (ID, TUNNEL_ID, VALUE, UNIT_PRICE, CRT_TIME)
values (1642, 4, 352.8, 1.527, to_date('19-05-2018 17:08:53', 'dd-mm-yyyy hh24:mi:ss'));

insert into t_oam_energy (ID, TUNNEL_ID, VALUE, UNIT_PRICE, CRT_TIME)
values (1940, 5, 761, 1.528, to_date('18-05-2018 17:08:53', 'dd-mm-yyyy hh24:mi:ss'));

insert into t_oam_energy (ID, TUNNEL_ID, VALUE, UNIT_PRICE, CRT_TIME)
values (1459, 3, 424.8, 1.528, to_date('18-05-2018 17:08:53', 'dd-mm-yyyy hh24:mi:ss'));

insert into t_oam_energy (ID, TUNNEL_ID, VALUE, UNIT_PRICE, CRT_TIME)
values (1609, 4, 165.5, 1.528, to_date('18-05-2018 17:08:53', 'dd-mm-yyyy hh24:mi:ss'));

insert into t_oam_energy (ID, TUNNEL_ID, VALUE, UNIT_PRICE, CRT_TIME)
values (1130, 1, 741.5, 1.528, to_date('18-05-2018 17:08:53', 'dd-mm-yyyy hh24:mi:ss'));

insert into t_oam_energy (ID, TUNNEL_ID, VALUE, UNIT_PRICE, CRT_TIME)
values (1282, 2, 501, 1.528, to_date('18-05-2018 17:08:53', 'dd-mm-yyyy hh24:mi:ss'));

insert into t_oam_energy (ID, TUNNEL_ID, VALUE, UNIT_PRICE, CRT_TIME)
values (1997, 5, 1083.3, 1.529, to_date('17-05-2018 17:08:53', 'dd-mm-yyyy hh24:mi:ss'));

insert into t_oam_energy (ID, TUNNEL_ID, VALUE, UNIT_PRICE, CRT_TIME)
values (1652, 4, 374.4, 1.529, to_date('17-05-2018 17:08:53', 'dd-mm-yyyy hh24:mi:ss'));

insert into t_oam_energy (ID, TUNNEL_ID, VALUE, UNIT_PRICE, CRT_TIME)
values (1403, 3, 131.1, 1.529, to_date('17-05-2018 17:08:53', 'dd-mm-yyyy hh24:mi:ss'));

insert into t_oam_energy (ID, TUNNEL_ID, VALUE, UNIT_PRICE, CRT_TIME)
values (1260, 2, 386.8, 1.529, to_date('17-05-2018 17:08:53', 'dd-mm-yyyy hh24:mi:ss'));

insert into t_oam_energy (ID, TUNNEL_ID, VALUE, UNIT_PRICE, CRT_TIME)
values (1159, 1, 909.8, 1.529, to_date('17-05-2018 17:08:53', 'dd-mm-yyyy hh24:mi:ss'));

insert into t_oam_energy (ID, TUNNEL_ID, VALUE, UNIT_PRICE, CRT_TIME)
values (1895, 5, 554.5, 1.53, to_date('16-05-2018 17:08:53', 'dd-mm-yyyy hh24:mi:ss'));

insert into t_oam_energy (ID, TUNNEL_ID, VALUE, UNIT_PRICE, CRT_TIME)
values (1446, 3, 373.2, 1.53, to_date('16-05-2018 17:08:53', 'dd-mm-yyyy hh24:mi:ss'));

insert into t_oam_energy (ID, TUNNEL_ID, VALUE, UNIT_PRICE, CRT_TIME)
values (1249, 2, 327, 1.53, to_date('16-05-2018 17:08:53', 'dd-mm-yyyy hh24:mi:ss'));

insert into t_oam_energy (ID, TUNNEL_ID, VALUE, UNIT_PRICE, CRT_TIME)
values (1096, 1, 614.3, 1.53, to_date('16-05-2018 17:08:53', 'dd-mm-yyyy hh24:mi:ss'));

insert into t_oam_energy (ID, TUNNEL_ID, VALUE, UNIT_PRICE, CRT_TIME)
values (1693, 4, 583.2, 1.53, to_date('16-05-2018 17:08:53', 'dd-mm-yyyy hh24:mi:ss'));

insert into t_oam_energy (ID, TUNNEL_ID, VALUE, UNIT_PRICE, CRT_TIME)
values (1593, 3, 1088.2, 1.531, to_date('15-05-2018 17:08:53', 'dd-mm-yyyy hh24:mi:ss'));

insert into t_oam_energy (ID, TUNNEL_ID, VALUE, UNIT_PRICE, CRT_TIME)
values (1761, 4, 912.5, 1.531, to_date('15-05-2018 17:08:53', 'dd-mm-yyyy hh24:mi:ss'));

insert into t_oam_energy (ID, TUNNEL_ID, VALUE, UNIT_PRICE, CRT_TIME)
values (1247, 2, 324.6, 1.531, to_date('15-05-2018 17:08:53', 'dd-mm-yyyy hh24:mi:ss'));

insert into t_oam_energy (ID, TUNNEL_ID, VALUE, UNIT_PRICE, CRT_TIME)
values (1114, 1, 676.6, 1.531, to_date('15-05-2018 17:08:53', 'dd-mm-yyyy hh24:mi:ss'));

insert into t_oam_energy (ID, TUNNEL_ID, VALUE, UNIT_PRICE, CRT_TIME)
values (1807, 5, 123.6, 1.531, to_date('15-05-2018 17:08:53', 'dd-mm-yyyy hh24:mi:ss'));

insert into t_oam_energy (ID, TUNNEL_ID, VALUE, UNIT_PRICE, CRT_TIME)
values (1604, 4, 126.4, 1.532, to_date('14-05-2018 17:08:53', 'dd-mm-yyyy hh24:mi:ss'));

insert into t_oam_energy (ID, TUNNEL_ID, VALUE, UNIT_PRICE, CRT_TIME)
values (1806, 5, 121.1, 1.532, to_date('14-05-2018 17:08:53', 'dd-mm-yyyy hh24:mi:ss'));

insert into t_oam_energy (ID, TUNNEL_ID, VALUE, UNIT_PRICE, CRT_TIME)
values (1402, 3, 103.2, 1.532, to_date('14-05-2018 17:08:53', 'dd-mm-yyyy hh24:mi:ss'));

insert into t_oam_energy (ID, TUNNEL_ID, VALUE, UNIT_PRICE, CRT_TIME)
values (1351, 2, 837.5, 1.532, to_date('14-05-2018 17:08:53', 'dd-mm-yyyy hh24:mi:ss'));

insert into t_oam_energy (ID, TUNNEL_ID, VALUE, UNIT_PRICE, CRT_TIME)
values (1088, 1, 592.7, 1.532, to_date('14-05-2018 17:08:53', 'dd-mm-yyyy hh24:mi:ss'));

insert into t_oam_energy (ID, TUNNEL_ID, VALUE, UNIT_PRICE, CRT_TIME)
values (1937, 5, 753.4, 1.533, to_date('13-05-2018 17:08:53', 'dd-mm-yyyy hh24:mi:ss'));

insert into t_oam_energy (ID, TUNNEL_ID, VALUE, UNIT_PRICE, CRT_TIME)
values (1598, 3, 1099.4, 1.533, to_date('13-05-2018 17:08:53', 'dd-mm-yyyy hh24:mi:ss'));

insert into t_oam_energy (ID, TUNNEL_ID, VALUE, UNIT_PRICE, CRT_TIME)
values (1262, 2, 415.2, 1.533, to_date('13-05-2018 17:08:53', 'dd-mm-yyyy hh24:mi:ss'));

insert into t_oam_energy (ID, TUNNEL_ID, VALUE, UNIT_PRICE, CRT_TIME)
values (1197, 1, 1085.3, 1.533, to_date('13-05-2018 17:08:53', 'dd-mm-yyyy hh24:mi:ss'));

insert into t_oam_energy (ID, TUNNEL_ID, VALUE, UNIT_PRICE, CRT_TIME)
values (1792, 4, 1056.2, 1.533, to_date('13-05-2018 17:08:53', 'dd-mm-yyyy hh24:mi:ss'));

insert into t_oam_energy (ID, TUNNEL_ID, VALUE, UNIT_PRICE, CRT_TIME)
values (1871, 5, 460.7, 1.534, to_date('12-05-2018 17:08:53', 'dd-mm-yyyy hh24:mi:ss'));

insert into t_oam_energy (ID, TUNNEL_ID, VALUE, UNIT_PRICE, CRT_TIME)
values (1517, 3, 705.1, 1.534, to_date('12-05-2018 17:08:53', 'dd-mm-yyyy hh24:mi:ss'));

insert into t_oam_energy (ID, TUNNEL_ID, VALUE, UNIT_PRICE, CRT_TIME)
values (1297, 2, 559.2, 1.534, to_date('12-05-2018 17:08:53', 'dd-mm-yyyy hh24:mi:ss'));

insert into t_oam_energy (ID, TUNNEL_ID, VALUE, UNIT_PRICE, CRT_TIME)
values (1095, 1, 606.6, 1.534, to_date('12-05-2018 17:08:53', 'dd-mm-yyyy hh24:mi:ss'));

insert into t_oam_energy (ID, TUNNEL_ID, VALUE, UNIT_PRICE, CRT_TIME)
values (1685, 4, 551.4, 1.534, to_date('12-05-2018 17:08:53', 'dd-mm-yyyy hh24:mi:ss'));

insert into t_oam_energy (ID, TUNNEL_ID, VALUE, UNIT_PRICE, CRT_TIME)
values (1982, 5, 989.9, 1.535, to_date('11-05-2018 17:08:53', 'dd-mm-yyyy hh24:mi:ss'));

insert into t_oam_energy (ID, TUNNEL_ID, VALUE, UNIT_PRICE, CRT_TIME)
values (1410, 3, 190.5, 1.535, to_date('11-05-2018 17:08:53', 'dd-mm-yyyy hh24:mi:ss'));

insert into t_oam_energy (ID, TUNNEL_ID, VALUE, UNIT_PRICE, CRT_TIME)
values (1339, 2, 770.4, 1.535, to_date('11-05-2018 17:08:53', 'dd-mm-yyyy hh24:mi:ss'));

insert into t_oam_energy (ID, TUNNEL_ID, VALUE, UNIT_PRICE, CRT_TIME)
values (1145, 1, 823.5, 1.535, to_date('11-05-2018 17:08:53', 'dd-mm-yyyy hh24:mi:ss'));

insert into t_oam_energy (ID, TUNNEL_ID, VALUE, UNIT_PRICE, CRT_TIME)
values (1608, 4, 163.1, 1.535, to_date('11-05-2018 17:08:53', 'dd-mm-yyyy hh24:mi:ss'));

insert into t_oam_energy (ID, TUNNEL_ID, VALUE, UNIT_PRICE, CRT_TIME)
values (1416, 3, 232.7, 1.536, to_date('10-05-2018 17:08:53', 'dd-mm-yyyy hh24:mi:ss'));

insert into t_oam_energy (ID, TUNNEL_ID, VALUE, UNIT_PRICE, CRT_TIME)
values (1690, 4, 577.5, 1.536, to_date('10-05-2018 17:08:53', 'dd-mm-yyyy hh24:mi:ss'));

insert into t_oam_energy (ID, TUNNEL_ID, VALUE, UNIT_PRICE, CRT_TIME)
values (1373, 2, 960.1, 1.536, to_date('10-05-2018 17:08:53', 'dd-mm-yyyy hh24:mi:ss'));

insert into t_oam_energy (ID, TUNNEL_ID, VALUE, UNIT_PRICE, CRT_TIME)
values (1034, 1, 279.3, 1.536, to_date('10-05-2018 17:08:53', 'dd-mm-yyyy hh24:mi:ss'));

insert into t_oam_energy (ID, TUNNEL_ID, VALUE, UNIT_PRICE, CRT_TIME)
values (1810, 5, 134.9, 1.536, to_date('10-05-2018 17:08:53', 'dd-mm-yyyy hh24:mi:ss'));

insert into t_oam_energy (ID, TUNNEL_ID, VALUE, UNIT_PRICE, CRT_TIME)
values (1923, 5, 691.6, 1.537, to_date('09-05-2018 17:08:53', 'dd-mm-yyyy hh24:mi:ss'));

insert into t_oam_energy (ID, TUNNEL_ID, VALUE, UNIT_PRICE, CRT_TIME)
values (1499, 3, 651.6, 1.537, to_date('09-05-2018 17:08:53', 'dd-mm-yyyy hh24:mi:ss'));

insert into t_oam_energy (ID, TUNNEL_ID, VALUE, UNIT_PRICE, CRT_TIME)
values (1209, 2, 137.9, 1.537, to_date('09-05-2018 17:08:53', 'dd-mm-yyyy hh24:mi:ss'));

insert into t_oam_energy (ID, TUNNEL_ID, VALUE, UNIT_PRICE, CRT_TIME)
values (1154, 1, 861.4, 1.537, to_date('09-05-2018 17:08:53', 'dd-mm-yyyy hh24:mi:ss'));

insert into t_oam_energy (ID, TUNNEL_ID, VALUE, UNIT_PRICE, CRT_TIME)
values (1735, 4, 756.8, 1.537, to_date('09-05-2018 17:08:53', 'dd-mm-yyyy hh24:mi:ss'));

insert into t_oam_energy (ID, TUNNEL_ID, VALUE, UNIT_PRICE, CRT_TIME)
values (1881, 5, 514.7, 1.538, to_date('08-05-2018 17:08:53', 'dd-mm-yyyy hh24:mi:ss'));

insert into t_oam_energy (ID, TUNNEL_ID, VALUE, UNIT_PRICE, CRT_TIME)
values (1547, 3, 848.9, 1.538, to_date('08-05-2018 17:08:53', 'dd-mm-yyyy hh24:mi:ss'));

insert into t_oam_energy (ID, TUNNEL_ID, VALUE, UNIT_PRICE, CRT_TIME)
values (1277, 2, 474.6, 1.538, to_date('08-05-2018 17:08:53', 'dd-mm-yyyy hh24:mi:ss'));

insert into t_oam_energy (ID, TUNNEL_ID, VALUE, UNIT_PRICE, CRT_TIME)
values (1110, 1, 657.8, 1.538, to_date('08-05-2018 17:08:53', 'dd-mm-yyyy hh24:mi:ss'));

insert into t_oam_energy (ID, TUNNEL_ID, VALUE, UNIT_PRICE, CRT_TIME)
values (1770, 4, 961.8, 1.538, to_date('08-05-2018 17:08:53', 'dd-mm-yyyy hh24:mi:ss'));

insert into t_oam_energy (ID, TUNNEL_ID, VALUE, UNIT_PRICE, CRT_TIME)
values (1431, 3, 297.9, 1.539, to_date('07-05-2018 17:08:53', 'dd-mm-yyyy hh24:mi:ss'));

insert into t_oam_energy (ID, TUNNEL_ID, VALUE, UNIT_PRICE, CRT_TIME)
values (1743, 4, 790.8, 1.539, to_date('07-05-2018 17:08:53', 'dd-mm-yyyy hh24:mi:ss'));

insert into t_oam_energy (ID, TUNNEL_ID, VALUE, UNIT_PRICE, CRT_TIME)
values (1369, 2, 937.7, 1.539, to_date('07-05-2018 17:08:53', 'dd-mm-yyyy hh24:mi:ss'));

insert into t_oam_energy (ID, TUNNEL_ID, VALUE, UNIT_PRICE, CRT_TIME)
values (1128, 1, 724.6, 1.539, to_date('07-05-2018 17:08:53', 'dd-mm-yyyy hh24:mi:ss'));

insert into t_oam_energy (ID, TUNNEL_ID, VALUE, UNIT_PRICE, CRT_TIME)
values (1802, 5, 105.7, 1.539, to_date('07-05-2018 17:08:53', 'dd-mm-yyyy hh24:mi:ss'));

insert into t_oam_energy (ID, TUNNEL_ID, VALUE, UNIT_PRICE, CRT_TIME)
values (1947, 5, 793.5, 1.54, to_date('06-05-2018 17:08:53', 'dd-mm-yyyy hh24:mi:ss'));

insert into t_oam_energy (ID, TUNNEL_ID, VALUE, UNIT_PRICE, CRT_TIME)
values (1407, 3, 174.2, 1.54, to_date('06-05-2018 17:08:53', 'dd-mm-yyyy hh24:mi:ss'));

insert into t_oam_energy (ID, TUNNEL_ID, VALUE, UNIT_PRICE, CRT_TIME)
values (1385, 2, 1017.2, 1.54, to_date('06-05-2018 17:08:53', 'dd-mm-yyyy hh24:mi:ss'));

insert into t_oam_energy (ID, TUNNEL_ID, VALUE, UNIT_PRICE, CRT_TIME)
values (1168, 1, 953, 1.54, to_date('06-05-2018 17:08:53', 'dd-mm-yyyy hh24:mi:ss'));

insert into t_oam_energy (ID, TUNNEL_ID, VALUE, UNIT_PRICE, CRT_TIME)
values (1732, 4, 738.4, 1.54, to_date('06-05-2018 17:08:53', 'dd-mm-yyyy hh24:mi:ss'));

insert into t_oam_energy (ID, TUNNEL_ID, VALUE, UNIT_PRICE, CRT_TIME)
values (1960, 5, 856.8, 1.541, to_date('05-05-2018 17:08:53', 'dd-mm-yyyy hh24:mi:ss'));

insert into t_oam_energy (ID, TUNNEL_ID, VALUE, UNIT_PRICE, CRT_TIME)
values (1591, 3, 1063.1, 1.541, to_date('05-05-2018 17:08:53', 'dd-mm-yyyy hh24:mi:ss'));

insert into t_oam_energy (ID, TUNNEL_ID, VALUE, UNIT_PRICE, CRT_TIME)
values (1207, 2, 127.5, 1.541, to_date('05-05-2018 17:08:53', 'dd-mm-yyyy hh24:mi:ss'));

insert into t_oam_energy (ID, TUNNEL_ID, VALUE, UNIT_PRICE, CRT_TIME)
values (1158, 1, 909.6, 1.541, to_date('05-05-2018 17:08:53', 'dd-mm-yyyy hh24:mi:ss'));

insert into t_oam_energy (ID, TUNNEL_ID, VALUE, UNIT_PRICE, CRT_TIME)
values (1677, 4, 512.2, 1.541, to_date('05-05-2018 17:08:53', 'dd-mm-yyyy hh24:mi:ss'));

insert into t_oam_energy (ID, TUNNEL_ID, VALUE, UNIT_PRICE, CRT_TIME)
values (1888, 5, 537.6, 1.542, to_date('04-05-2018 17:08:53', 'dd-mm-yyyy hh24:mi:ss'));

insert into t_oam_energy (ID, TUNNEL_ID, VALUE, UNIT_PRICE, CRT_TIME)
values (1474, 3, 486, 1.542, to_date('04-05-2018 17:08:53', 'dd-mm-yyyy hh24:mi:ss'));

insert into t_oam_energy (ID, TUNNEL_ID, VALUE, UNIT_PRICE, CRT_TIME)
values (1204, 2, 115.1, 1.542, to_date('04-05-2018 17:08:53', 'dd-mm-yyyy hh24:mi:ss'));

insert into t_oam_energy (ID, TUNNEL_ID, VALUE, UNIT_PRICE, CRT_TIME)
values (1111, 1, 664.7, 1.542, to_date('04-05-2018 17:08:53', 'dd-mm-yyyy hh24:mi:ss'));

insert into t_oam_energy (ID, TUNNEL_ID, VALUE, UNIT_PRICE, CRT_TIME)
values (1750, 4, 817.1, 1.542, to_date('04-05-2018 17:08:53', 'dd-mm-yyyy hh24:mi:ss'));

insert into t_oam_energy (ID, TUNNEL_ID, VALUE, UNIT_PRICE, CRT_TIME)
values (1901, 5, 581.1, 1.543, to_date('03-05-2018 17:08:53', 'dd-mm-yyyy hh24:mi:ss'));

insert into t_oam_energy (ID, TUNNEL_ID, VALUE, UNIT_PRICE, CRT_TIME)
values (1555, 3, 875.5, 1.543, to_date('03-05-2018 17:08:53', 'dd-mm-yyyy hh24:mi:ss'));

insert into t_oam_energy (ID, TUNNEL_ID, VALUE, UNIT_PRICE, CRT_TIME)
values (1322, 2, 692, 1.543, to_date('03-05-2018 17:08:53', 'dd-mm-yyyy hh24:mi:ss'));

insert into t_oam_energy (ID, TUNNEL_ID, VALUE, UNIT_PRICE, CRT_TIME)
values (1165, 1, 936.7, 1.543, to_date('03-05-2018 17:08:53', 'dd-mm-yyyy hh24:mi:ss'));

insert into t_oam_energy (ID, TUNNEL_ID, VALUE, UNIT_PRICE, CRT_TIME)
values (1630, 4, 282.4, 1.543, to_date('03-05-2018 17:08:53', 'dd-mm-yyyy hh24:mi:ss'));

insert into t_oam_energy (ID, TUNNEL_ID, VALUE, UNIT_PRICE, CRT_TIME)
values (1829, 5, 233.8, 1.544, to_date('02-05-2018 17:08:53', 'dd-mm-yyyy hh24:mi:ss'));

insert into t_oam_energy (ID, TUNNEL_ID, VALUE, UNIT_PRICE, CRT_TIME)
values (1531, 3, 759.1, 1.544, to_date('02-05-2018 17:08:53', 'dd-mm-yyyy hh24:mi:ss'));

insert into t_oam_energy (ID, TUNNEL_ID, VALUE, UNIT_PRICE, CRT_TIME)
values (1287, 2, 514.1, 1.544, to_date('02-05-2018 17:08:53', 'dd-mm-yyyy hh24:mi:ss'));

insert into t_oam_energy (ID, TUNNEL_ID, VALUE, UNIT_PRICE, CRT_TIME)
values (1179, 1, 1002.6, 1.544, to_date('02-05-2018 17:08:53', 'dd-mm-yyyy hh24:mi:ss'));

insert into t_oam_energy (ID, TUNNEL_ID, VALUE, UNIT_PRICE, CRT_TIME)
values (1708, 4, 632.2, 1.544, to_date('02-05-2018 17:08:53', 'dd-mm-yyyy hh24:mi:ss'));

insert into t_oam_energy (ID, TUNNEL_ID, VALUE, UNIT_PRICE, CRT_TIME)
values (1932, 5, 736.4, 1.545, to_date('01-05-2018 17:08:53', 'dd-mm-yyyy hh24:mi:ss'));

insert into t_oam_energy (ID, TUNNEL_ID, VALUE, UNIT_PRICE, CRT_TIME)
values (1458, 3, 415.9, 1.545, to_date('01-05-2018 17:08:53', 'dd-mm-yyyy hh24:mi:ss'));

insert into t_oam_energy (ID, TUNNEL_ID, VALUE, UNIT_PRICE, CRT_TIME)
values (1292, 2, 527, 1.545, to_date('01-05-2018 17:08:53', 'dd-mm-yyyy hh24:mi:ss'));

insert into t_oam_energy (ID, TUNNEL_ID, VALUE, UNIT_PRICE, CRT_TIME)
values (1175, 1, 991.3, 1.545, to_date('01-05-2018 17:08:53', 'dd-mm-yyyy hh24:mi:ss'));

insert into t_oam_energy (ID, TUNNEL_ID, VALUE, UNIT_PRICE, CRT_TIME)
values (1683, 4, 533.9, 1.545, to_date('01-05-2018 17:08:53', 'dd-mm-yyyy hh24:mi:ss'));

insert into t_oam_energy (ID, TUNNEL_ID, VALUE, UNIT_PRICE, CRT_TIME)
values (1486, 3, 580.8, 1.546, to_date('30-04-2018 17:08:53', 'dd-mm-yyyy hh24:mi:ss'));

insert into t_oam_energy (ID, TUNNEL_ID, VALUE, UNIT_PRICE, CRT_TIME)
values (1771, 4, 962.5, 1.546, to_date('30-04-2018 17:08:53', 'dd-mm-yyyy hh24:mi:ss'));

insert into t_oam_energy (ID, TUNNEL_ID, VALUE, UNIT_PRICE, CRT_TIME)
values (1203, 2, 108.2, 1.546, to_date('30-04-2018 17:08:53', 'dd-mm-yyyy hh24:mi:ss'));

insert into t_oam_energy (ID, TUNNEL_ID, VALUE, UNIT_PRICE, CRT_TIME)
values (1106, 1, 643.9, 1.546, to_date('30-04-2018 17:08:53', 'dd-mm-yyyy hh24:mi:ss'));

insert into t_oam_energy (ID, TUNNEL_ID, VALUE, UNIT_PRICE, CRT_TIME)
values (1836, 5, 249.1, 1.546, to_date('30-04-2018 17:08:53', 'dd-mm-yyyy hh24:mi:ss'));

insert into t_oam_energy (ID, TUNNEL_ID, VALUE, UNIT_PRICE, CRT_TIME)
values (1966, 5, 879.4, 1.547, to_date('29-04-2018 17:08:53', 'dd-mm-yyyy hh24:mi:ss'));

insert into t_oam_energy (ID, TUNNEL_ID, VALUE, UNIT_PRICE, CRT_TIME)
values (1697, 4, 598.8, 1.547, to_date('29-04-2018 17:08:53', 'dd-mm-yyyy hh24:mi:ss'));

insert into t_oam_energy (ID, TUNNEL_ID, VALUE, UNIT_PRICE, CRT_TIME)
values (1428, 3, 282.6, 1.547, to_date('29-04-2018 17:08:53', 'dd-mm-yyyy hh24:mi:ss'));

insert into t_oam_energy (ID, TUNNEL_ID, VALUE, UNIT_PRICE, CRT_TIME)
values (1377, 2, 975.3, 1.547, to_date('29-04-2018 17:08:53', 'dd-mm-yyyy hh24:mi:ss'));

insert into t_oam_energy (ID, TUNNEL_ID, VALUE, UNIT_PRICE, CRT_TIME)
values (1132, 1, 764, 1.547, to_date('29-04-2018 17:08:53', 'dd-mm-yyyy hh24:mi:ss'));

insert into t_oam_energy (ID, TUNNEL_ID, VALUE, UNIT_PRICE, CRT_TIME)
values (1589, 3, 1056.4, 1.548, to_date('28-04-2018 17:08:53', 'dd-mm-yyyy hh24:mi:ss'));

insert into t_oam_energy (ID, TUNNEL_ID, VALUE, UNIT_PRICE, CRT_TIME)
values (1669, 4, 480.2, 1.548, to_date('28-04-2018 17:08:53', 'dd-mm-yyyy hh24:mi:ss'));

insert into t_oam_energy (ID, TUNNEL_ID, VALUE, UNIT_PRICE, CRT_TIME)
values (1375, 2, 970.2, 1.548, to_date('28-04-2018 17:08:53', 'dd-mm-yyyy hh24:mi:ss'));

insert into t_oam_energy (ID, TUNNEL_ID, VALUE, UNIT_PRICE, CRT_TIME)
values (1013, 1, 160.8, 1.548, to_date('28-04-2018 17:08:53', 'dd-mm-yyyy hh24:mi:ss'));

insert into t_oam_energy (ID, TUNNEL_ID, VALUE, UNIT_PRICE, CRT_TIME)
values (1818, 5, 178.7, 1.548, to_date('28-04-2018 17:08:53', 'dd-mm-yyyy hh24:mi:ss'));

insert into t_oam_energy (ID, TUNNEL_ID, VALUE, UNIT_PRICE, CRT_TIME)
values (1912, 5, 630.4, 1.549, to_date('27-04-2018 17:08:53', 'dd-mm-yyyy hh24:mi:ss'));

insert into t_oam_energy (ID, TUNNEL_ID, VALUE, UNIT_PRICE, CRT_TIME)
values (1556, 3, 885.3, 1.549, to_date('27-04-2018 17:08:53', 'dd-mm-yyyy hh24:mi:ss'));

insert into t_oam_energy (ID, TUNNEL_ID, VALUE, UNIT_PRICE, CRT_TIME)
values (1364, 2, 911, 1.549, to_date('27-04-2018 17:08:53', 'dd-mm-yyyy hh24:mi:ss'));

insert into t_oam_energy (ID, TUNNEL_ID, VALUE, UNIT_PRICE, CRT_TIME)
values (1107, 1, 650.6, 1.549, to_date('27-04-2018 17:08:53', 'dd-mm-yyyy hh24:mi:ss'));

insert into t_oam_energy (ID, TUNNEL_ID, VALUE, UNIT_PRICE, CRT_TIME)
values (1692, 4, 578, 1.549, to_date('27-04-2018 17:08:53', 'dd-mm-yyyy hh24:mi:ss'));

insert into t_oam_energy (ID, TUNNEL_ID, VALUE, UNIT_PRICE, CRT_TIME)
values (1967, 5, 900.1, 1.55, to_date('26-04-2018 17:08:53', 'dd-mm-yyyy hh24:mi:ss'));

insert into t_oam_energy (ID, TUNNEL_ID, VALUE, UNIT_PRICE, CRT_TIME)
values (1543, 3, 835.8, 1.55, to_date('26-04-2018 17:08:53', 'dd-mm-yyyy hh24:mi:ss'));

insert into t_oam_energy (ID, TUNNEL_ID, VALUE, UNIT_PRICE, CRT_TIME)
values (1230, 2, 231.8, 1.55, to_date('26-04-2018 17:08:53', 'dd-mm-yyyy hh24:mi:ss'));

insert into t_oam_energy (ID, TUNNEL_ID, VALUE, UNIT_PRICE, CRT_TIME)
values (1140, 1, 794.3, 1.55, to_date('26-04-2018 17:08:53', 'dd-mm-yyyy hh24:mi:ss'));

insert into t_oam_energy (ID, TUNNEL_ID, VALUE, UNIT_PRICE, CRT_TIME)
values (1741, 4, 776.7, 1.55, to_date('26-04-2018 17:08:53', 'dd-mm-yyyy hh24:mi:ss'));

insert into t_oam_energy (ID, TUNNEL_ID, VALUE, UNIT_PRICE, CRT_TIME)
values (1954, 5, 830.9, 1.551, to_date('25-04-2018 17:08:53', 'dd-mm-yyyy hh24:mi:ss'));

insert into t_oam_energy (ID, TUNNEL_ID, VALUE, UNIT_PRICE, CRT_TIME)
values (1545, 3, 843.5, 1.551, to_date('25-04-2018 17:08:53', 'dd-mm-yyyy hh24:mi:ss'));

insert into t_oam_energy (ID, TUNNEL_ID, VALUE, UNIT_PRICE, CRT_TIME)
values (1329, 2, 719.1, 1.551, to_date('25-04-2018 17:08:53', 'dd-mm-yyyy hh24:mi:ss'));

insert into t_oam_energy (ID, TUNNEL_ID, VALUE, UNIT_PRICE, CRT_TIME)
values (1081, 1, 569.4, 1.551, to_date('25-04-2018 17:08:53', 'dd-mm-yyyy hh24:mi:ss'));

insert into t_oam_energy (ID, TUNNEL_ID, VALUE, UNIT_PRICE, CRT_TIME)
values (1610, 4, 167.7, 1.551, to_date('25-04-2018 17:08:53', 'dd-mm-yyyy hh24:mi:ss'));
commit;

--客户表数据
insert into T_OAM_CUSTOMER (ID, COMPANY_ID, CONTACT, TEL, CRT_TIME)
values (2, 1, '联系人0', '13722228880', to_date('26-06-2018 10:17:47', 'dd-mm-yyyy hh24:mi:ss'));

insert into T_OAM_CUSTOMER (ID, COMPANY_ID, CONTACT, TEL, CRT_TIME)
values (3, 2, '联系人1', '13722228881', to_date('25-06-2018 10:17:47', 'dd-mm-yyyy hh24:mi:ss'));

insert into T_OAM_CUSTOMER (ID, COMPANY_ID, CONTACT, TEL, CRT_TIME)
values (4, 3, '联系人2', '13722228882', to_date('24-06-2018 10:17:47', 'dd-mm-yyyy hh24:mi:ss'));

insert into T_OAM_CUSTOMER (ID, COMPANY_ID, CONTACT, TEL, CRT_TIME)
values (5, 4, '联系人3', '13722228883', to_date('23-06-2018 10:17:47', 'dd-mm-yyyy hh24:mi:ss'));
commit;


--合同表
insert into t_oam_cable_contract (ID, NAME, CUSTOMER_ID, PAY_TYPE, CONTRACT_STATUS, CONTRACT_START_TIME, CONTRACT_END_TIME, CRT_TIME)
values ('c1001', '光纤部署合同', 3, 1, 1, to_date('29-07-2018 15:28:53', 'dd-mm-yyyy hh24:mi:ss'), to_date('29-07-2018 15:28:53', 'dd-mm-yyyy hh24:mi:ss'), to_date('30-07-2018 09:54:15', 'dd-mm-yyyy hh24:mi:ss'));

insert into t_oam_cable_contract (ID, NAME, CUSTOMER_ID, PAY_TYPE, CONTRACT_STATUS, CONTRACT_START_TIME, CONTRACT_END_TIME, CRT_TIME)
values ('c1002', '高压线部署合同', 2, 2, 1, to_date('29-07-2018 15:28:53', 'dd-mm-yyyy hh24:mi:ss'), to_date('29-07-2018 15:28:53', 'dd-mm-yyyy hh24:mi:ss'), to_date('30-07-2018 09:55:52', 'dd-mm-yyyy hh24:mi:ss'));
commit;
--管线表
insert into t_oam_cable (ID, CONTRACT_ID, CABLE_NAME, CABLE_LENGTH, CABLE_STATUS, CABLE_LOCATION, CRT_TIME)
values ('4e5896a791b14c82a5f6cfe507710a51', 'c1001', '光纤', 100, 1, '此字段可以忽略', to_date('30-07-2018 09:54:15', 'dd-mm-yyyy hh24:mi:ss'));

insert into t_oam_cable (ID, CONTRACT_ID, CABLE_NAME, CABLE_LENGTH, CABLE_STATUS, CABLE_LOCATION, CRT_TIME)
values ('d6d3790e5d664929b266f5a83941db4b', 'c1002', '高压线缆', 8888, 1, '此字段可以忽略', to_date('30-07-2018 09:55:52', 'dd-mm-yyyy hh24:mi:ss'));
commit;

--cable，section中间表
insert into t_oam_cable_section (ID, CABLE_ID, SECTION_ID)
values (10, '4e5896a791b14c82a5f6cfe507710a51', 1);

insert into t_oam_cable_section (ID, CABLE_ID, SECTION_ID)
values (11, '4e5896a791b14c82a5f6cfe507710a51', 5);

insert into t_oam_cable_section (ID, CABLE_ID, SECTION_ID)
values (12, '4e5896a791b14c82a5f6cfe507710a51', 6);

insert into t_oam_cable_section (ID, CABLE_ID, SECTION_ID)
values (13, 'd6d3790e5d664929b266f5a83941db4b', 1);

insert into t_oam_cable_section (ID, CABLE_ID, SECTION_ID)
values (14, 'd6d3790e5d664929b266f5a83941db4b', 2);

insert into t_oam_cable_section (ID, CABLE_ID, SECTION_ID)
values (15, 'd6d3790e5d664929b266f5a83941db4b', 4);
commit;






