--alarm


--measobj

-------------------------real object-----------------------------------------------------------------------------------------------------------------------------------

insert into t_mam_measobj (ID, TUNNEL_ID, STORE_ID, AREA_ID, SECTION_ID, NAME, DATATYPE_ID, OBJTYPE_ID, ACTIVED, DESCRIPTION, LONGITUDE, LATITUDE, HEIGHT, DEVIATION)
values (41001, 1, 1, 1, 1, '声光报警1', 3, 41, 1, null, '0.003534597099157488', '0.18009738011735688', '0.5474121265387349', 0.460808326715716);

insert into t_mam_measobj (ID, TUNNEL_ID, STORE_ID, AREA_ID, SECTION_ID, NAME, DATATYPE_ID, OBJTYPE_ID, ACTIVED, DESCRIPTION, LONGITUDE, LATITUDE, HEIGHT, DEVIATION)
values (41002, 1, 1, 1, 1, '声光报警2', 3, 41, 1, null, '0.4386016987524316', '0.48531866384309663', '0.6030770379809333', 0.28828624319183);

insert into t_mam_measobj (ID, TUNNEL_ID, STORE_ID, AREA_ID, SECTION_ID, NAME, DATATYPE_ID, OBJTYPE_ID, ACTIVED, DESCRIPTION, LONGITUDE, LATITUDE, HEIGHT, DEVIATION)
values (41003, 1, 1, 1, 1, '声光报警3', 3, 41, 1, null, '0.003534597099157488', '0.18009738011735688', '0.5474121265387349', 0.460808326715716);

insert into t_mam_measobj (ID, TUNNEL_ID, STORE_ID, AREA_ID, SECTION_ID, NAME, DATATYPE_ID, OBJTYPE_ID, ACTIVED, DESCRIPTION, LONGITUDE, LATITUDE, HEIGHT, DEVIATION)
values (41004, 1, 1, 1, 1, '声光报警4', 3, 41, 1, null, '0.4386016987524316', '0.48531866384309663', '0.6030770379809333', 0.28828624319183);

insert into t_mam_measobj (ID, TUNNEL_ID, STORE_ID, AREA_ID, SECTION_ID, NAME, DATATYPE_ID, OBJTYPE_ID, ACTIVED, DESCRIPTION, LONGITUDE, LATITUDE, HEIGHT, DEVIATION)
values (41005, 1, 3, 1, 45, '声光报警5', 3, 41, 1, null, '0.003534597099157488', '0.18009738011735688', '0.5474121265387349', 0.460808326715716);

insert into t_mam_measobj (ID, TUNNEL_ID, STORE_ID, AREA_ID, SECTION_ID, NAME, DATATYPE_ID, OBJTYPE_ID, ACTIVED, DESCRIPTION, LONGITUDE, LATITUDE, HEIGHT, DEVIATION)
values (41006, 1, 3, 1, 45, '声光报警6', 3, 41, 1, null, '0.4386016987524316', '0.48531866384309663', '0.6030770379809333', 0.28828624319183);

insert into t_mam_measobj (ID, TUNNEL_ID, STORE_ID, AREA_ID, SECTION_ID, NAME, DATATYPE_ID, OBJTYPE_ID, ACTIVED, DESCRIPTION, LONGITUDE, LATITUDE, HEIGHT, DEVIATION)
values (41007, 1, 3, 1, 45, '声光报警7', 3, 41, 1, null, '0.003534597099157488', '0.18009738011735688', '0.5474121265387349', 0.460808326715716);

insert into t_mam_measobj (ID, TUNNEL_ID, STORE_ID, AREA_ID, SECTION_ID, NAME, DATATYPE_ID, OBJTYPE_ID, ACTIVED, DESCRIPTION, LONGITUDE, LATITUDE, HEIGHT, DEVIATION)
values (41008, 1, 3, 1, 45, '声光报警8', 3, 41, 1, null, '0.4386016987524316', '0.48531866384309663', '0.6030770379809333', 0.28828624319183);

insert into t_mam_measobj (ID, TUNNEL_ID, STORE_ID, AREA_ID, SECTION_ID, NAME, DATATYPE_ID, OBJTYPE_ID, ACTIVED, DESCRIPTION, LONGITUDE, LATITUDE, HEIGHT, DEVIATION)
values (1001, 1, 1, 1, 1, '温度监测仪1', 1, 1, 1, null, '0.003534597099157488', '0.18009738011735688', '0.5474121265387349', 0.460808326715716);

insert into t_mam_measobj (ID, TUNNEL_ID, STORE_ID, AREA_ID, SECTION_ID, NAME, DATATYPE_ID, OBJTYPE_ID, ACTIVED, DESCRIPTION, LONGITUDE, LATITUDE, HEIGHT, DEVIATION)
values (1002, 1, 3, 1, 45, '温度监测仪2', 1, 1, 1, null, '0.4386016987524316', '0.48531866384309663', '0.6030770379809333', 0.28828624319183);

insert into t_mam_measobj (ID, TUNNEL_ID, STORE_ID, AREA_ID, SECTION_ID, NAME, DATATYPE_ID, OBJTYPE_ID, ACTIVED, DESCRIPTION, LONGITUDE, LATITUDE, HEIGHT, DEVIATION)
values (4001, 1, 1, 1, 1, '硫化氢监测仪1', 1, 4, 1, null, '0.003534597099157488', '0.18009738011735688', '0.5474121265387349', 0.460808326715716);

insert into t_mam_measobj (ID, TUNNEL_ID, STORE_ID, AREA_ID, SECTION_ID, NAME, DATATYPE_ID, OBJTYPE_ID, ACTIVED, DESCRIPTION, LONGITUDE, LATITUDE, HEIGHT, DEVIATION)
values (4002, 1, 1, 1, 1, '硫化氢监测仪2', 1, 4, 1, null, '0.4386016987524316', '0.48531866384309663', '0.6030770379809333', 0.28828624319183);

insert into t_mam_measobj (ID, TUNNEL_ID, STORE_ID, AREA_ID, SECTION_ID, NAME, DATATYPE_ID, OBJTYPE_ID, ACTIVED, DESCRIPTION, LONGITUDE, LATITUDE, HEIGHT, DEVIATION)
values (4003, 1, 3, 1, 45, '硫化氢监测仪3', 1, 4, 1, null, '0.003534597099157488', '0.18009738011735688', '0.5474121265387349', 0.460808326715716);

insert into t_mam_measobj (ID, TUNNEL_ID, STORE_ID, AREA_ID, SECTION_ID, NAME, DATATYPE_ID, OBJTYPE_ID, ACTIVED, DESCRIPTION, LONGITUDE, LATITUDE, HEIGHT, DEVIATION)
values (4004, 1, 3, 1, 45, '硫化氢监测仪4', 1, 4, 1, null, '0.4386016987524316', '0.48531866384309663', '0.6030770379809333', 0.28828624319183);

insert into t_mam_measobj (ID, TUNNEL_ID, STORE_ID, AREA_ID, SECTION_ID, NAME, DATATYPE_ID, OBJTYPE_ID, ACTIVED, DESCRIPTION, LONGITUDE, LATITUDE, HEIGHT, DEVIATION)
values (7001, 1, 1, 1, 1, '红外摄像仪1', 7, 7, 1, null, '0.003534597099157488', '0.18009738011735688', '0.5474121265387349', 0.460808326715716);

insert into t_mam_measobj (ID, TUNNEL_ID, STORE_ID, AREA_ID, SECTION_ID, NAME, DATATYPE_ID, OBJTYPE_ID, ACTIVED, DESCRIPTION, LONGITUDE, LATITUDE, HEIGHT, DEVIATION)
values (7002, 1, 1, 1, 1, '红外摄像仪2', 7, 7, 1, null, '0.4386016987524316', '0.48531866384309663', '0.6030770379809333', 0.28828624319183);

insert into t_mam_measobj (ID, TUNNEL_ID, STORE_ID, AREA_ID, SECTION_ID, NAME, DATATYPE_ID, OBJTYPE_ID, ACTIVED, DESCRIPTION, LONGITUDE, LATITUDE, HEIGHT, DEVIATION)
values (7003, 1, 3, 1, 45, '红外摄像仪3', 7, 7, 1, null, '0.003534597099157488', '0.18009738011735688', '0.5474121265387349', 0.460808326715716);

insert into t_mam_measobj (ID, TUNNEL_ID, STORE_ID, AREA_ID, SECTION_ID, NAME, DATATYPE_ID, OBJTYPE_ID, ACTIVED, DESCRIPTION, LONGITUDE, LATITUDE, HEIGHT, DEVIATION)
values (7004, 1, 3, 1, 45, '红外摄像仪4', 7, 7, 1, null, '0.4386016987524316', '0.48531866384309663', '0.6030770379809333', 0.28828624319183);

insert into t_mam_measobj (ID, TUNNEL_ID, STORE_ID, AREA_ID, SECTION_ID, NAME, DATATYPE_ID, OBJTYPE_ID, ACTIVED, DESCRIPTION, LONGITUDE, LATITUDE, HEIGHT, DEVIATION)
values (7005, 1, 1, 2, 67, '摄像头5', 7, 7, 1, null, '0.4386016987524316', '0.48531866384309663', '0.6030770379809333', 0.28828624319183);
commit;

---------------------- 定位设备------------------------------------------------------------------------------------

insert into t_mam_measobj (ID, TUNNEL_ID, STORE_ID, AREA_ID, SECTION_ID, NAME, DATATYPE_ID, OBJTYPE_ID, ACTIVED, DESCRIPTION, LONGITUDE, LATITUDE, HEIGHT, DEVIATION)
values (20001, 0, 0, 0, 0, '定位设备1', 97, 20, 0, null, null, null, null, null);

insert into t_mam_measobj (ID, TUNNEL_ID, STORE_ID, AREA_ID, SECTION_ID, NAME, DATATYPE_ID, OBJTYPE_ID, ACTIVED, DESCRIPTION, LONGITUDE, LATITUDE, HEIGHT, DEVIATION)
values (20002, 0, 0, 0, 0, '定位设备2', 97, 20, 0, null, null, null, null, null);

insert into t_mam_measobj_so (ID, REFRESH_TIME, CV)
values (20001, to_date('19-07-2018 17:23:30', 'dd-mm-yyyy hh24:mi:ss'), '{}');

insert into t_mam_measobj_so (ID, REFRESH_TIME, CV)
values (20002, to_date('19-07-2018 17:23:30', 'dd-mm-yyyy hh24:mi:ss'), '{}');
commit;

------------------------------------------------------------------------------------------------------------------------------------------------------------

insert into t_mam_measobj (ID, TUNNEL_ID, STORE_ID, AREA_ID, SECTION_ID, NAME, DATATYPE_ID, OBJTYPE_ID, ACTIVED, DESCRIPTION, LONGITUDE, LATITUDE, HEIGHT, DEVIATION)
values (1000, 1, 4, 8, 30, '监测对象1001', 1, 5, 1, null, '0.9915185932090033', '0.09255357883504856', '0.8057784926383548', 0.10330973845213);

insert into t_mam_measobj (ID, TUNNEL_ID, STORE_ID, AREA_ID, SECTION_ID, NAME, DATATYPE_ID, OBJTYPE_ID, ACTIVED, DESCRIPTION, LONGITUDE, LATITUDE, HEIGHT, DEVIATION)
values (1003, 1, 4, 11, 33, '监测对象1004', 2, 11, 1, null, '0.2154659621066174', '0.6646254786019133', '0.48591672084377713', 0.299669648770262);

insert into t_mam_measobj (ID, TUNNEL_ID, STORE_ID, AREA_ID, SECTION_ID, NAME, DATATYPE_ID, OBJTYPE_ID, ACTIVED, DESCRIPTION, LONGITUDE, LATITUDE, HEIGHT, DEVIATION)
values (1004, 1, 4, 9, 31, '监测对象1005', 2, 11, 1, null, '0.8821533939873536', '0.8785067854285469', '0.5068011054696877', 0.426143629460675);

insert into t_mam_measobj (ID, TUNNEL_ID, STORE_ID, AREA_ID, SECTION_ID, NAME, DATATYPE_ID, OBJTYPE_ID, ACTIVED, DESCRIPTION, LONGITUDE, LATITUDE, HEIGHT, DEVIATION)
values (1005, 1, 3, 4, 4, '监测对象1006', 1, 5, 1, null, '0.21853047955933658', '0.4075323713188411', '0.8862072848606999', 0.119700904341239);

insert into t_mam_measobj (ID, TUNNEL_ID, STORE_ID, AREA_ID, SECTION_ID, NAME, DATATYPE_ID, OBJTYPE_ID, ACTIVED, DESCRIPTION, LONGITUDE, LATITUDE, HEIGHT, DEVIATION)
values (1006, 1, 3, 7, 7, '监测对象1007', 2, 10, 1, null, '0.06453688649751976', '0.29370589234227906', '0.11580182543048745', 0.586610051846105);

insert into t_mam_measobj (ID, TUNNEL_ID, STORE_ID, AREA_ID, SECTION_ID, NAME, DATATYPE_ID, OBJTYPE_ID, ACTIVED, DESCRIPTION, LONGITUDE, LATITUDE, HEIGHT, DEVIATION)
values (1007, 1, 3, 5, 5, '监测对象1008', 2, 11, 1, null, '0.8353041708010334', '0.005296875613752583', '0.2189685989250384', 0.863217350468509);

insert into t_mam_measobj (ID, TUNNEL_ID, STORE_ID, AREA_ID, SECTION_ID, NAME, DATATYPE_ID, OBJTYPE_ID, ACTIVED, DESCRIPTION, LONGITUDE, LATITUDE, HEIGHT, DEVIATION)
values (1008, 1, 3, 6, 6, '监测对象1009', 2, 11, 1, null, '0.9802757122200905', '0.9188687191437371', '0.279435034469926', 0.419944998850633);

insert into t_mam_measobj (ID, TUNNEL_ID, STORE_ID, AREA_ID, SECTION_ID, NAME, DATATYPE_ID, OBJTYPE_ID, ACTIVED, DESCRIPTION, LONGITUDE, LATITUDE, HEIGHT, DEVIATION)
values (1009, 1, 3, 8, 8, '监测对象1010', 1, 6, 1, null, '0.5532650791073463', '0.057399213581393105', '0.7298096938268968', 0.338894426341723);

insert into t_mam_measobj (ID, TUNNEL_ID, STORE_ID, AREA_ID, SECTION_ID, NAME, DATATYPE_ID, OBJTYPE_ID, ACTIVED, DESCRIPTION, LONGITUDE, LATITUDE, HEIGHT, DEVIATION)
values (1010, 1, 2, 11, 55, '监测对象1011', 1, 3, 1, null, '0.03900289249412303', '0.7447640972118549', '0.8206897648854641', 0.202099455025384);

insert into t_mam_measobj (ID, TUNNEL_ID, STORE_ID, AREA_ID, SECTION_ID, NAME, DATATYPE_ID, OBJTYPE_ID, ACTIVED, DESCRIPTION, LONGITUDE, LATITUDE, HEIGHT, DEVIATION)
values (1011, 1, 2, 14, 58, '监测对象1012', 2, 10, 1, null, '0.01794677904736941', '0.8439892833554078', '0.9273518857179661', 0.68140467799523);

insert into t_mam_measobj (ID, TUNNEL_ID, STORE_ID, AREA_ID, SECTION_ID, NAME, DATATYPE_ID, OBJTYPE_ID, ACTIVED, DESCRIPTION, LONGITUDE, LATITUDE, HEIGHT, DEVIATION)
values (1012, 1, 2, 13, 57, '监测对象1013', 1, 1, 1, null, '0.04275137615594726', '0.6396416249089976', '0.06620307540760295', 0.951490609591015);

insert into t_mam_measobj (ID, TUNNEL_ID, STORE_ID, AREA_ID, SECTION_ID, NAME, DATATYPE_ID, OBJTYPE_ID, ACTIVED, DESCRIPTION, LONGITUDE, LATITUDE, HEIGHT, DEVIATION)
values (1013, 1, 2, 10, 54, '监测对象1014', 1, 3, 1, null, '0.3726222676694817', '0.476119541584489', '0.674230473670561', 0.54479538069079);

insert into t_mam_measobj (ID, TUNNEL_ID, STORE_ID, AREA_ID, SECTION_ID, NAME, DATATYPE_ID, OBJTYPE_ID, ACTIVED, DESCRIPTION, LONGITUDE, LATITUDE, HEIGHT, DEVIATION)
values (1014, 1, 2, 12, 56, '监测对象1015', 1, 2, 1, null, '0.38976257632843314', '0.8134078921446347', '0.8935982455140843', 0.43088329305184);

insert into t_mam_measobj (ID, TUNNEL_ID, STORE_ID, AREA_ID, SECTION_ID, NAME, DATATYPE_ID, OBJTYPE_ID, ACTIVED, DESCRIPTION, LONGITUDE, LATITUDE, HEIGHT, DEVIATION)
values (1015, 2, 5, 18, 62, '监测对象1016', 1, 3, 1, null, '0.4243546510977094', '0.282082989771966', '0.217730340780264', 0.88901501689227);

insert into t_mam_measobj (ID, TUNNEL_ID, STORE_ID, AREA_ID, SECTION_ID, NAME, DATATYPE_ID, OBJTYPE_ID, ACTIVED, DESCRIPTION, LONGITUDE, LATITUDE, HEIGHT, DEVIATION)
values (1016, 2, 5, 4, 70, '监测对象1017', 1, 4, 1, null, '0.5735945256257594', '0.4743166072029785', '0.7967934199134964', 0.759450098246361);

insert into t_mam_measobj (ID, TUNNEL_ID, STORE_ID, AREA_ID, SECTION_ID, NAME, DATATYPE_ID, OBJTYPE_ID, ACTIVED, DESCRIPTION, LONGITUDE, LATITUDE, HEIGHT, DEVIATION)
values (1017, 2, 5, 6, 72, '监测对象1018', 1, 5, 1, null, '0.8653542192381778', '0.054348309059284006', '0.9297781773320061', 0.17058450740493);

insert into t_mam_measobj (ID, TUNNEL_ID, STORE_ID, AREA_ID, SECTION_ID, NAME, DATATYPE_ID, OBJTYPE_ID, ACTIVED, DESCRIPTION, LONGITUDE, LATITUDE, HEIGHT, DEVIATION)
values (1018, 2, 5, 5, 71, '监测对象1019', 2, 10, 1, null, '0.12350963172737905', '0.21392057584646518', '0.23834931152757444', 0.202507844566355);

insert into t_mam_measobj (ID, TUNNEL_ID, STORE_ID, AREA_ID, SECTION_ID, NAME, DATATYPE_ID, OBJTYPE_ID, ACTIVED, DESCRIPTION, LONGITUDE, LATITUDE, HEIGHT, DEVIATION)
values (1019, 2, 5, 7, 73, '监测对象1020', 1, 2, 1, null, '0.948767082863416', '0.32484563424951207', '0.3205278597257525', 0.127425981788654);

insert into t_mam_measobj (ID, TUNNEL_ID, STORE_ID, AREA_ID, SECTION_ID, NAME, DATATYPE_ID, OBJTYPE_ID, ACTIVED, DESCRIPTION, LONGITUDE, LATITUDE, HEIGHT, DEVIATION)
values (1020, 2, 6, 22, 22, '监测对象1021', 1, 6, 1, null, '0.39260781107395204', '0.8528304784638259', '0.020376276298050944', 0.140834968206404);

insert into t_mam_measobj (ID, TUNNEL_ID, STORE_ID, AREA_ID, SECTION_ID, NAME, DATATYPE_ID, OBJTYPE_ID, ACTIVED, DESCRIPTION, LONGITUDE, LATITUDE, HEIGHT, DEVIATION)
values (1021, 2, 6, 20, 20, '监测对象1022', 2, 10, 1, null, '0.6766694118512384', '0.13712684656084273', '0.44130777792163023', 0.182627785770162);

insert into t_mam_measobj (ID, TUNNEL_ID, STORE_ID, AREA_ID, SECTION_ID, NAME, DATATYPE_ID, OBJTYPE_ID, ACTIVED, DESCRIPTION, LONGITUDE, LATITUDE, HEIGHT, DEVIATION)
values (1022, 2, 6, 21, 21, '监测对象1023', 1, 3, 1, null, '0.7285170870877916', '0.5205545649572375', '0.9496991792816465', 0.455867878956917);

insert into t_mam_measobj (ID, TUNNEL_ID, STORE_ID, AREA_ID, SECTION_ID, NAME, DATATYPE_ID, OBJTYPE_ID, ACTIVED, DESCRIPTION, LONGITUDE, LATITUDE, HEIGHT, DEVIATION)
values (1023, 2, 6, 12, 12, '监测对象1024', 1, 6, 1, null, '0.31941308311178984', '0.8392715714817851', '0.2936342743587683', 0.482636560358636);

insert into t_mam_measobj (ID, TUNNEL_ID, STORE_ID, AREA_ID, SECTION_ID, NAME, DATATYPE_ID, OBJTYPE_ID, ACTIVED, DESCRIPTION, LONGITUDE, LATITUDE, HEIGHT, DEVIATION)
values (1024, 2, 6, 1, 23, '监测对象1025', 1, 5, 1, null, '0.4141029355947762', '0.054113654590959626', '0.00845302667822212', 0.606339512392257);

insert into t_mam_measobj (ID, TUNNEL_ID, STORE_ID, AREA_ID, SECTION_ID, NAME, DATATYPE_ID, OBJTYPE_ID, ACTIVED, DESCRIPTION, LONGITUDE, LATITUDE, HEIGHT, DEVIATION)
values (1025, 2, 7, 2, 46, '监测对象1026', 2, 11, 1, null, '0.8606958079442744', '0.40028052827539917', '0.5505889179429733', 0.354092494400819);

insert into t_mam_measobj (ID, TUNNEL_ID, STORE_ID, AREA_ID, SECTION_ID, NAME, DATATYPE_ID, OBJTYPE_ID, ACTIVED, DESCRIPTION, LONGITUDE, LATITUDE, HEIGHT, DEVIATION)
values (1026, 2, 7, 4, 48, '监测对象1027', 1, 4, 1, null, '0.6209320657502794', '0.1058706033029082', '0.04949804387993284', 0.567815923976667);

insert into t_mam_measobj (ID, TUNNEL_ID, STORE_ID, AREA_ID, SECTION_ID, NAME, DATATYPE_ID, OBJTYPE_ID, ACTIVED, DESCRIPTION, LONGITUDE, LATITUDE, HEIGHT, DEVIATION)
values (1027, 2, 7, 3, 47, '监测对象1028', 2, 11, 1, null, '0.20981683192629796', '0.24591137001693464', '0.31124447726971904', 0.304211645410561);

insert into t_mam_measobj (ID, TUNNEL_ID, STORE_ID, AREA_ID, SECTION_ID, NAME, DATATYPE_ID, OBJTYPE_ID, ACTIVED, DESCRIPTION, LONGITUDE, LATITUDE, HEIGHT, DEVIATION)
values (1028, 2, 7, 15, 37, '监测对象1029', 2, 10, 1, null, '0.4263201506248553', '0.9215884697345655', '0.6203214479750573', 0.907741665137452);

insert into t_mam_measobj (ID, TUNNEL_ID, STORE_ID, AREA_ID, SECTION_ID, NAME, DATATYPE_ID, OBJTYPE_ID, ACTIVED, DESCRIPTION, LONGITUDE, LATITUDE, HEIGHT, DEVIATION)
values (1029, 2, 7, 1, 43, '监测对象1030', 1, 5, 1, null, '0.9964159392516431', '0.8801644539772496', '0.8310115381006479', 0.818085966334588);

insert into t_mam_measobj (ID, TUNNEL_ID, STORE_ID, AREA_ID, SECTION_ID, NAME, DATATYPE_ID, OBJTYPE_ID, ACTIVED, DESCRIPTION, LONGITUDE, LATITUDE, HEIGHT, DEVIATION)
values (1030, 3, 10, 20, 42, '监测对象1031', 2, 10, 1, null, '0.5777775123381893', '0.6525220784285654', '0.45462816637811465', 0.470527414806155);

insert into t_mam_measobj (ID, TUNNEL_ID, STORE_ID, AREA_ID, SECTION_ID, NAME, DATATYPE_ID, OBJTYPE_ID, ACTIVED, DESCRIPTION, LONGITUDE, LATITUDE, HEIGHT, DEVIATION)
values (1031, 3, 10, 22, 44, '监测对象1032', 1, 4, 1, null, '0.7653302479396147', '0.7904871302726741', '0.08064735609688511', 0.0102160077861198);

insert into t_mam_measobj (ID, TUNNEL_ID, STORE_ID, AREA_ID, SECTION_ID, NAME, DATATYPE_ID, OBJTYPE_ID, ACTIVED, DESCRIPTION, LONGITUDE, LATITUDE, HEIGHT, DEVIATION)
values (1032, 3, 10, 19, 41, '监测对象1033', 2, 11, 1, null, '0.19048600226775714', '0.4146097765701906', '0.9546861680594736', 0.142289184044965);

insert into t_mam_measobj (ID, TUNNEL_ID, STORE_ID, AREA_ID, SECTION_ID, NAME, DATATYPE_ID, OBJTYPE_ID, ACTIVED, DESCRIPTION, LONGITUDE, LATITUDE, HEIGHT, DEVIATION)
values (1033, 3, 10, 21, 43, '监测对象1034', 1, 2, 1, null, '0.018679473137573344', '0.6846806285577427', '0.510980444675259', 0.47658067854441);

insert into t_mam_measobj (ID, TUNNEL_ID, STORE_ID, AREA_ID, SECTION_ID, NAME, DATATYPE_ID, OBJTYPE_ID, ACTIVED, DESCRIPTION, LONGITUDE, LATITUDE, HEIGHT, DEVIATION)
values (1034, 3, 10, 18, 40, '监测对象1035', 2, 10, 1, null, '0.39991605940342045', '0.5146994119334515', '0.2886279522987997', 0.692332706243104);

insert into t_mam_measobj (ID, TUNNEL_ID, STORE_ID, AREA_ID, SECTION_ID, NAME, DATATYPE_ID, OBJTYPE_ID, ACTIVED, DESCRIPTION, LONGITUDE, LATITUDE, HEIGHT, DEVIATION)
values (1035, 3, 9, 16, 16, '监测对象1036', 2, 11, 1, null, '0.9544077606284141', '0.7537828368876928', '0.7627883255078365', 0.449030496571201);

insert into t_mam_measobj (ID, TUNNEL_ID, STORE_ID, AREA_ID, SECTION_ID, NAME, DATATYPE_ID, OBJTYPE_ID, ACTIVED, DESCRIPTION, LONGITUDE, LATITUDE, HEIGHT, DEVIATION)
values (1036, 3, 9, 18, 18, '监测对象1037', 2, 11, 1, null, '0.30051890502815026', '0.2862225419696899', '0.6361387431657906', 0.784504574206103);

insert into t_mam_measobj (ID, TUNNEL_ID, STORE_ID, AREA_ID, SECTION_ID, NAME, DATATYPE_ID, OBJTYPE_ID, ACTIVED, DESCRIPTION, LONGITUDE, LATITUDE, HEIGHT, DEVIATION)
values (1037, 3, 9, 15, 15, '监测对象1038', 1, 2, 1, null, '0.8676563463753835', '0.8480607152063877', '0.03223277950835379', 0.979084620428239);

insert into t_mam_measobj (ID, TUNNEL_ID, STORE_ID, AREA_ID, SECTION_ID, NAME, DATATYPE_ID, OBJTYPE_ID, ACTIVED, DESCRIPTION, LONGITUDE, LATITUDE, HEIGHT, DEVIATION)
values (1038, 3, 9, 19, 19, '监测对象1039', 1, 6, 1, null, '0.34217731892961023', '0.5697066351179512', '0.39598056517466185', 0.499108985517921);

insert into t_mam_measobj (ID, TUNNEL_ID, STORE_ID, AREA_ID, SECTION_ID, NAME, DATATYPE_ID, OBJTYPE_ID, ACTIVED, DESCRIPTION, LONGITUDE, LATITUDE, HEIGHT, DEVIATION)
values (1039, 3, 9, 17, 17, '监测对象1040', 2, 11, 1, null, '0.0027717031128910996', '0.5647454291451265', '0.9491875010107605', 0.448512522436373);

insert into t_mam_measobj (ID, TUNNEL_ID, STORE_ID, AREA_ID, SECTION_ID, NAME, DATATYPE_ID, OBJTYPE_ID, ACTIVED, DESCRIPTION, LONGITUDE, LATITUDE, HEIGHT, DEVIATION)
values (1040, 3, 8, 3, 69, '监测对象1041', 1, 2, 1, null, '0.9602122314312272', '0.8387439390739042', '0.5041769309919756', 0.485099775954877);

insert into t_mam_measobj (ID, TUNNEL_ID, STORE_ID, AREA_ID, SECTION_ID, NAME, DATATYPE_ID, OBJTYPE_ID, ACTIVED, DESCRIPTION, LONGITUDE, LATITUDE, HEIGHT, DEVIATION)
values (1041, 3, 8, 21, 65, '监测对象1042', 1, 2, 1, null, '0.4556008673481651', '0.8202282827326439', '0.7629455435466649', 0.216460479021945);

insert into t_mam_measobj (ID, TUNNEL_ID, STORE_ID, AREA_ID, SECTION_ID, NAME, DATATYPE_ID, OBJTYPE_ID, ACTIVED, DESCRIPTION, LONGITUDE, LATITUDE, HEIGHT, DEVIATION)
values (1042, 3, 8, 22, 66, '监测对象1043', 2, 11, 1, null, '0.23554459610244216', '0.4081507172781693', '0.25886528536328735', 0.599459063579409);

insert into t_mam_measobj (ID, TUNNEL_ID, STORE_ID, AREA_ID, SECTION_ID, NAME, DATATYPE_ID, OBJTYPE_ID, ACTIVED, DESCRIPTION, LONGITUDE, LATITUDE, HEIGHT, DEVIATION)
values (1043, 3, 8, 2, 68, '监测对象1044', 1, 4, 1, null, '0.3609991133686191', '0.4819272850176679', '0.268302726512493', 0.836284097103063);

insert into t_mam_measobj (ID, TUNNEL_ID, STORE_ID, AREA_ID, SECTION_ID, NAME, DATATYPE_ID, OBJTYPE_ID, ACTIVED, DESCRIPTION, LONGITUDE, LATITUDE, HEIGHT, DEVIATION)
values (1044, 3, 8, 1, 67, '监测对象1045', 1, 5, 1, null, '0.14429527975437273', '0.7135606371828558', '0.4851282085866597', 0.309699782095374);

insert into t_mam_measobj (ID, TUNNEL_ID, STORE_ID, AREA_ID, SECTION_ID, NAME, DATATYPE_ID, OBJTYPE_ID, ACTIVED, DESCRIPTION, LONGITUDE, LATITUDE, HEIGHT, DEVIATION)
values (1045, 4, 11, 8, 52, '监测对象1046', 1, 2, 1, null, '0.6890561561630058', '0.7036253806181505', '0.702882535309427', 0.600493488758084);

insert into t_mam_measobj (ID, TUNNEL_ID, STORE_ID, AREA_ID, SECTION_ID, NAME, DATATYPE_ID, OBJTYPE_ID, ACTIVED, DESCRIPTION, LONGITUDE, LATITUDE, HEIGHT, DEVIATION)
values (1046, 4, 11, 10, 76, '监测对象1047', 2, 11, 1, null, '0.7077427223523197', '0.7629812239310529', '0.4507409619271061', 0.506785377224178);

insert into t_mam_measobj (ID, TUNNEL_ID, STORE_ID, AREA_ID, SECTION_ID, NAME, DATATYPE_ID, OBJTYPE_ID, ACTIVED, DESCRIPTION, LONGITUDE, LATITUDE, HEIGHT, DEVIATION)
values (1047, 4, 11, 9, 53, '监测对象1048', 2, 11, 1, null, '0.19219390096945332', '0.3023455910387187', '0.05868535479932979', 0.462000782430298);

insert into t_mam_measobj (ID, TUNNEL_ID, STORE_ID, AREA_ID, SECTION_ID, NAME, DATATYPE_ID, OBJTYPE_ID, ACTIVED, DESCRIPTION, LONGITUDE, LATITUDE, HEIGHT, DEVIATION)
values (1048, 4, 11, 9, 75, '监测对象1049', 2, 11, 1, null, '0.5130923171933696', '0.02016402108283355', '0.5337878385462836', 0.76683197329718);

insert into t_mam_measobj (ID, TUNNEL_ID, STORE_ID, AREA_ID, SECTION_ID, NAME, DATATYPE_ID, OBJTYPE_ID, ACTIVED, DESCRIPTION, LONGITUDE, LATITUDE, HEIGHT, DEVIATION)
values (1049, 4, 11, 8, 74, '监测对象1050', 1, 2, 1, null, '0.3676346972241319', '0.5662079624041851', '0.1789639668731774', 0.818752408197944);

insert into t_mam_measobj (ID, TUNNEL_ID, STORE_ID, AREA_ID, SECTION_ID, NAME, DATATYPE_ID, OBJTYPE_ID, ACTIVED, DESCRIPTION, LONGITUDE, LATITUDE, HEIGHT, DEVIATION)
values (1050, 4, 13, 7, 51, '监测对象1051', 1, 1, 1, null, '0.48376385618681583', '0.9731267245774949', '0.28945028039375775', 0.625001965596444);

insert into t_mam_measobj (ID, TUNNEL_ID, STORE_ID, AREA_ID, SECTION_ID, NAME, DATATYPE_ID, OBJTYPE_ID, ACTIVED, DESCRIPTION, LONGITUDE, LATITUDE, HEIGHT, DEVIATION)
values (1051, 4, 13, 6, 50, '监测对象1052', 2, 10, 1, null, '0.2462910358390472', '0.44453044454269053', '0.25428344466051833', 0.593274874616641);

insert into t_mam_measobj (ID, TUNNEL_ID, STORE_ID, AREA_ID, SECTION_ID, NAME, DATATYPE_ID, OBJTYPE_ID, ACTIVED, DESCRIPTION, LONGITUDE, LATITUDE, HEIGHT, DEVIATION)
values (1052, 4, 13, 5, 27, '监测对象1053', 2, 11, 1, null, '0.9475707250676042', '0.8018297626471456', '0.7317771937402835', 0.495145463436589);

insert into t_mam_measobj (ID, TUNNEL_ID, STORE_ID, AREA_ID, SECTION_ID, NAME, DATATYPE_ID, OBJTYPE_ID, ACTIVED, DESCRIPTION, LONGITUDE, LATITUDE, HEIGHT, DEVIATION)
values (1053, 4, 13, 6, 28, '监测对象1054', 2, 10, 1, null, '0.707269776200051', '0.9688857317500458', '0.034523216172682725', 0.266983702406429);

insert into t_mam_measobj (ID, TUNNEL_ID, STORE_ID, AREA_ID, SECTION_ID, NAME, DATATYPE_ID, OBJTYPE_ID, ACTIVED, DESCRIPTION, LONGITUDE, LATITUDE, HEIGHT, DEVIATION)
values (1054, 4, 13, 5, 49, '监测对象1055', 1, 4, 1, null, '0.41681322529977316', '0.01673102099899204', '0.4746048324907215', 0.442008567984973);

insert into t_mam_measobj (ID, TUNNEL_ID, STORE_ID, AREA_ID, SECTION_ID, NAME, DATATYPE_ID, OBJTYPE_ID, ACTIVED, DESCRIPTION, LONGITUDE, LATITUDE, HEIGHT, DEVIATION)
values (1055, 4, 12, 3, 3, '监测对象1056', 1, 1, 1, null, '0.21117206222768004', '0.7339776623405516', '0.17900599292318542', 0.491496861878754);

insert into t_mam_measobj (ID, TUNNEL_ID, STORE_ID, AREA_ID, SECTION_ID, NAME, DATATYPE_ID, OBJTYPE_ID, ACTIVED, DESCRIPTION, LONGITUDE, LATITUDE, HEIGHT, DEVIATION)
values (1056, 4, 12, 3, 25, '监测对象1057', 1, 5, 1, null, '0.6623891738879513', '0.8714802266219004', '0.92357305840505', 0.844083277458376);

insert into t_mam_measobj (ID, TUNNEL_ID, STORE_ID, AREA_ID, SECTION_ID, NAME, DATATYPE_ID, OBJTYPE_ID, ACTIVED, DESCRIPTION, LONGITUDE, LATITUDE, HEIGHT, DEVIATION)
values (1057, 4, 12, 2, 2, '监测对象1058', 1, 3, 1, null, '0.006339677796340704', '0.2490012767009815', '0.6641498346751726', 0.967723928786495);

insert into t_mam_measobj (ID, TUNNEL_ID, STORE_ID, AREA_ID, SECTION_ID, NAME, DATATYPE_ID, OBJTYPE_ID, ACTIVED, DESCRIPTION, LONGITUDE, LATITUDE, HEIGHT, DEVIATION)
values (1058, 4, 12, 4, 26, '监测对象1059', 2, 10, 1, null, '0.6628527610392158', '0.2320011084765956', '0.20983051940203912', 0.876184660106565);

insert into t_mam_measobj (ID, TUNNEL_ID, STORE_ID, AREA_ID, SECTION_ID, NAME, DATATYPE_ID, OBJTYPE_ID, ACTIVED, DESCRIPTION, LONGITUDE, LATITUDE, HEIGHT, DEVIATION)
values (1059, 4, 12, 2, 24, '监测对象1060', 2, 11, 1, null, '0.19815437169231165', '0.2944186209523548', '0.34316849387299875', 0.00211948541144091);

insert into t_mam_measobj (ID, TUNNEL_ID, STORE_ID, AREA_ID, SECTION_ID, NAME, DATATYPE_ID, OBJTYPE_ID, ACTIVED, DESCRIPTION, LONGITUDE, LATITUDE, HEIGHT, DEVIATION)
values (1060, 5, 14, 19, 63, '监测对象1061', 1, 3, 1, null, '0.5391271895810876', '0.4311516592768444', '0.6588542005739715', 0.790237343757517);

insert into t_mam_measobj (ID, TUNNEL_ID, STORE_ID, AREA_ID, SECTION_ID, NAME, DATATYPE_ID, OBJTYPE_ID, ACTIVED, DESCRIPTION, LONGITUDE, LATITUDE, HEIGHT, DEVIATION)
values (1061, 5, 14, 15, 59, '监测对象1062', 2, 10, 1, null, '0.5873245784309445', '0.09851485008813965', '0.43839905025215253', 0.48401155789887);

insert into t_mam_measobj (ID, TUNNEL_ID, STORE_ID, AREA_ID, SECTION_ID, NAME, DATATYPE_ID, OBJTYPE_ID, ACTIVED, DESCRIPTION, LONGITUDE, LATITUDE, HEIGHT, DEVIATION)
values (1062, 5, 14, 20, 64, '监测对象1063', 2, 11, 1, null, '0.26836481373529086', '0.27043607352763177', '0.6200234193404489', 0.826043775923614);

insert into t_mam_measobj (ID, TUNNEL_ID, STORE_ID, AREA_ID, SECTION_ID, NAME, DATATYPE_ID, OBJTYPE_ID, ACTIVED, DESCRIPTION, LONGITUDE, LATITUDE, HEIGHT, DEVIATION)
values (1063, 5, 14, 17, 61, '监测对象1064', 2, 10, 1, null, '0.930549061345842', '0.11726406439788895', '0.573699012547745', 0.616038558750424);

insert into t_mam_measobj (ID, TUNNEL_ID, STORE_ID, AREA_ID, SECTION_ID, NAME, DATATYPE_ID, OBJTYPE_ID, ACTIVED, DESCRIPTION, LONGITUDE, LATITUDE, HEIGHT, DEVIATION)
values (1064, 5, 14, 16, 60, '监测对象1065', 1, 2, 1, null, '0.6001980355535584', '0.6121203306573181', '0.6912570017901124', 0.683374351010038);

insert into t_mam_measobj (ID, TUNNEL_ID, STORE_ID, AREA_ID, SECTION_ID, NAME, DATATYPE_ID, OBJTYPE_ID, ACTIVED, DESCRIPTION, LONGITUDE, LATITUDE, HEIGHT, DEVIATION)
values (1065, 5, 15, 9, 9, '监测对象1066', 1, 5, 1, null, '0.6046639314133052', '0.5663805709144765', '0.598782217365453', 0.131023551994179);

insert into t_mam_measobj (ID, TUNNEL_ID, STORE_ID, AREA_ID, SECTION_ID, NAME, DATATYPE_ID, OBJTYPE_ID, ACTIVED, DESCRIPTION, LONGITUDE, LATITUDE, HEIGHT, DEVIATION)
values (1066, 5, 15, 11, 11, '监测对象1067', 1, 6, 1, null, '0.39115467284696237', '0.0977137354211377', '0.17708691978859115', 0.321821356514235);

insert into t_mam_measobj (ID, TUNNEL_ID, STORE_ID, AREA_ID, SECTION_ID, NAME, DATATYPE_ID, OBJTYPE_ID, ACTIVED, DESCRIPTION, LONGITUDE, LATITUDE, HEIGHT, DEVIATION)
values (1067, 5, 15, 10, 10, '监测对象1068', 1, 6, 1, null, '0.45886561639351464', '0.14427436845878772', '0.8929908998861243', 0.674525833086789);

insert into t_mam_measobj (ID, TUNNEL_ID, STORE_ID, AREA_ID, SECTION_ID, NAME, DATATYPE_ID, OBJTYPE_ID, ACTIVED, DESCRIPTION, LONGITUDE, LATITUDE, HEIGHT, DEVIATION)
values (1068, 5, 15, 14, 14, '监测对象1069', 2, 11, 1, null, '0.41601666432063733', '0.1401250136909934', '0.8588268133393409', 0.211628408032289);

insert into t_mam_measobj (ID, TUNNEL_ID, STORE_ID, AREA_ID, SECTION_ID, NAME, DATATYPE_ID, OBJTYPE_ID, ACTIVED, DESCRIPTION, LONGITUDE, LATITUDE, HEIGHT, DEVIATION)
values (1069, 5, 15, 13, 13, '监测对象1070', 1, 4, 1, null, '0.6112397817500446', '0.7991703668093567', '0.5833342037524587', 0.67615817480589);

insert into t_mam_measobj (ID, TUNNEL_ID, STORE_ID, AREA_ID, SECTION_ID, NAME, DATATYPE_ID, OBJTYPE_ID, ACTIVED, DESCRIPTION, LONGITUDE, LATITUDE, HEIGHT, DEVIATION)
values (1070, 5, 16, 13, 35, '监测对象1071', 1, 6, 1, null, '0.41795484492333446', '0.9717703211012679', '0.3446904178417669', 0.370151985847239);

insert into t_mam_measobj (ID, TUNNEL_ID, STORE_ID, AREA_ID, SECTION_ID, NAME, DATATYPE_ID, OBJTYPE_ID, ACTIVED, DESCRIPTION, LONGITUDE, LATITUDE, HEIGHT, DEVIATION)
values (1071, 5, 16, 17, 39, '监测对象1072', 2, 10, 1, null, '0.8248736899032718', '0.054954112782154896', '0.4880463214294435', 0.199738744795644);

insert into t_mam_measobj (ID, TUNNEL_ID, STORE_ID, AREA_ID, SECTION_ID, NAME, DATATYPE_ID, OBJTYPE_ID, ACTIVED, DESCRIPTION, LONGITUDE, LATITUDE, HEIGHT, DEVIATION)
values (1072, 5, 16, 16, 38, '监测对象1073', 2, 10, 1, null, '0.7038152709501073', '0.74125586646377', '0.8403969971239567', 0.714614139717422);

insert into t_mam_measobj (ID, TUNNEL_ID, STORE_ID, AREA_ID, SECTION_ID, NAME, DATATYPE_ID, OBJTYPE_ID, ACTIVED, DESCRIPTION, LONGITUDE, LATITUDE, HEIGHT, DEVIATION)
values (1073, 5, 16, 12, 34, '监测对象1074', 1, 3, 1, null, '0.9214194890869745', '0.6123226676840129', '0.9666878247495502', 0.69953069165794);

insert into t_mam_measobj (ID, TUNNEL_ID, STORE_ID, AREA_ID, SECTION_ID, NAME, DATATYPE_ID, OBJTYPE_ID, ACTIVED, DESCRIPTION, LONGITUDE, LATITUDE, HEIGHT, DEVIATION)
values (1074, 5, 16, 14, 36, '监测对象1075', 2, 10, 1, null, '0.38029013731740813', '0.285615827463492', '0.7434110002980079', 0.619125124481716);

insert into t_mam_measobj (ID, TUNNEL_ID, STORE_ID, AREA_ID, SECTION_ID, NAME, DATATYPE_ID, OBJTYPE_ID, ACTIVED, DESCRIPTION, LONGITUDE, LATITUDE, HEIGHT, DEVIATION)
values (8001, 1, 3, 1, 42, '风机类电表', 1, 31, 1, null, '0.4386016987524316', '0.48531866384309663', '0.6030770379809333', 0.28828624319183);

insert into t_mam_measobj (ID, TUNNEL_ID, STORE_ID, AREA_ID, SECTION_ID, NAME, DATATYPE_ID, OBJTYPE_ID, ACTIVED, DESCRIPTION, LONGITUDE, LATITUDE, HEIGHT, DEVIATION)
values (8002, 1, 3, 1, 42, '灯类电表', 1, 32, 1, null, '0.4386016987524316', '0.48531866384309663', '0.6030770379809333', 0.28828624319183);

insert into t_mam_measobj (ID, TUNNEL_ID, STORE_ID, AREA_ID, SECTION_ID, NAME, DATATYPE_ID, OBJTYPE_ID, ACTIVED, DESCRIPTION, LONGITUDE, LATITUDE, HEIGHT, DEVIATION)
values (8003, 1, 3, 1, 42, '水泵类电表', 1, 33, 1, null, '0.4386016987524316', '0.48531866384309663', '0.6030770379809333', 0.28828624319183);

insert into t_mam_measobj (ID, TUNNEL_ID, STORE_ID, AREA_ID, SECTION_ID, NAME, DATATYPE_ID, OBJTYPE_ID, ACTIVED, DESCRIPTION, LONGITUDE, LATITUDE, HEIGHT, DEVIATION)
values (8004, 1, 3, 1, 42, '其他类电表', 1, 34, 1, null, '0.4386016987524316', '0.48531866384309663', '0.6030770379809333', 0.28828624319183);

insert into t_mam_measobj (ID, TUNNEL_ID, STORE_ID, AREA_ID, SECTION_ID, NAME, DATATYPE_ID, OBJTYPE_ID, ACTIVED, DESCRIPTION, LONGITUDE, LATITUDE, HEIGHT, DEVIATION)
values (8005, 2, 3, 1, 42, '风机类电表', 1, 31, 1, null, '0.4386016987524316', '0.48531866384309663', '0.6030770379809333', 0.28828624319183);

insert into t_mam_measobj (ID, TUNNEL_ID, STORE_ID, AREA_ID, SECTION_ID, NAME, DATATYPE_ID, OBJTYPE_ID, ACTIVED, DESCRIPTION, LONGITUDE, LATITUDE, HEIGHT, DEVIATION)
values (8006, 2, 3, 1, 42, '灯类电表', 1, 32, 1, null, '0.4386016987524316', '0.48531866384309663', '0.6030770379809333', 0.28828624319183);

insert into t_mam_measobj (ID, TUNNEL_ID, STORE_ID, AREA_ID, SECTION_ID, NAME, DATATYPE_ID, OBJTYPE_ID, ACTIVED, DESCRIPTION, LONGITUDE, LATITUDE, HEIGHT, DEVIATION)
values (8007, 2, 3, 1, 42, '水泵类电表', 1, 33, 1, null, '0.4386016987524316', '0.48531866384309663', '0.6030770379809333', 0.28828624319183);

insert into t_mam_measobj (ID, TUNNEL_ID, STORE_ID, AREA_ID, SECTION_ID, NAME, DATATYPE_ID, OBJTYPE_ID, ACTIVED, DESCRIPTION, LONGITUDE, LATITUDE, HEIGHT, DEVIATION)
values (8008, 2, 3, 1, 42, '其他类电表', 1, 34, 1, null, '0.4386016987524316', '0.48531866384309663', '0.6030770379809333', 0.28828624319183);

insert into t_mam_measobj (ID, TUNNEL_ID, STORE_ID, AREA_ID, SECTION_ID, NAME, DATATYPE_ID, OBJTYPE_ID, ACTIVED, DESCRIPTION, LONGITUDE, LATITUDE, HEIGHT, DEVIATION)
values (8009, 3, 3, 1, 42, '风机类电表', 1, 31, 1, null, '0.4386016987524316', '0.48531866384309663', '0.6030770379809333', 0.28828624319183);

insert into t_mam_measobj (ID, TUNNEL_ID, STORE_ID, AREA_ID, SECTION_ID, NAME, DATATYPE_ID, OBJTYPE_ID, ACTIVED, DESCRIPTION, LONGITUDE, LATITUDE, HEIGHT, DEVIATION)
values (8010, 3, 3, 1, 42, '灯类电表', 1, 32, 1, null, '0.4386016987524316', '0.48531866384309663', '0.6030770379809333', 0.28828624319183);

insert into t_mam_measobj (ID, TUNNEL_ID, STORE_ID, AREA_ID, SECTION_ID, NAME, DATATYPE_ID, OBJTYPE_ID, ACTIVED, DESCRIPTION, LONGITUDE, LATITUDE, HEIGHT, DEVIATION)
values (8011, 3, 3, 1, 42, '水泵类电表', 1, 33, 1, null, '0.4386016987524316', '0.48531866384309663', '0.6030770379809333', 0.28828624319183);

insert into t_mam_measobj (ID, TUNNEL_ID, STORE_ID, AREA_ID, SECTION_ID, NAME, DATATYPE_ID, OBJTYPE_ID, ACTIVED, DESCRIPTION, LONGITUDE, LATITUDE, HEIGHT, DEVIATION)
values (8012, 3, 3, 1, 42, '其他类电表', 1, 34, 1, null, '0.4386016987524316', '0.48531866384309663', '0.6030770379809333', 0.28828624319183);

insert into t_mam_measobj (ID, TUNNEL_ID, STORE_ID, AREA_ID, SECTION_ID, NAME, DATATYPE_ID, OBJTYPE_ID, ACTIVED, DESCRIPTION, LONGITUDE, LATITUDE, HEIGHT, DEVIATION)
values (8013, 4, 3, 1, 42, '风机类电表', 1, 31, 1, null, '0.4386016987524316', '0.48531866384309663', '0.6030770379809333', 0.28828624319183);

insert into t_mam_measobj (ID, TUNNEL_ID, STORE_ID, AREA_ID, SECTION_ID, NAME, DATATYPE_ID, OBJTYPE_ID, ACTIVED, DESCRIPTION, LONGITUDE, LATITUDE, HEIGHT, DEVIATION)
values (8014, 4, 3, 1, 42, '灯类电表', 1, 32, 1, null, '0.4386016987524316', '0.48531866384309663', '0.6030770379809333', 0.28828624319183);

insert into t_mam_measobj (ID, TUNNEL_ID, STORE_ID, AREA_ID, SECTION_ID, NAME, DATATYPE_ID, OBJTYPE_ID, ACTIVED, DESCRIPTION, LONGITUDE, LATITUDE, HEIGHT, DEVIATION)
values (8015, 4, 3, 1, 42, '水泵类电表', 1, 33, 1, null, '0.4386016987524316', '0.48531866384309663', '0.6030770379809333', 0.28828624319183);

insert into t_mam_measobj (ID, TUNNEL_ID, STORE_ID, AREA_ID, SECTION_ID, NAME, DATATYPE_ID, OBJTYPE_ID, ACTIVED, DESCRIPTION, LONGITUDE, LATITUDE, HEIGHT, DEVIATION)
values (8016, 4, 3, 1, 42, '其他类电表', 1, 34, 1, null, '0.4386016987524316', '0.48531866384309663', '0.6030770379809333', 0.28828624319183);

insert into t_mam_measobj (ID, TUNNEL_ID, STORE_ID, AREA_ID, SECTION_ID, NAME, DATATYPE_ID, OBJTYPE_ID, ACTIVED, DESCRIPTION, LONGITUDE, LATITUDE, HEIGHT, DEVIATION)
values (8017, 5, 3, 1, 42, '风机类电表', 1, 31, 1, null, '0.4386016987524316', '0.48531866384309663', '0.6030770379809333', 0.28828624319183);

insert into t_mam_measobj (ID, TUNNEL_ID, STORE_ID, AREA_ID, SECTION_ID, NAME, DATATYPE_ID, OBJTYPE_ID, ACTIVED, DESCRIPTION, LONGITUDE, LATITUDE, HEIGHT, DEVIATION)
values (8018, 5, 3, 1, 42, '灯类电表', 1, 32, 1, null, '0.4386016987524316', '0.48531866384309663', '0.6030770379809333', 0.28828624319183);

insert into t_mam_measobj (ID, TUNNEL_ID, STORE_ID, AREA_ID, SECTION_ID, NAME, DATATYPE_ID, OBJTYPE_ID, ACTIVED, DESCRIPTION, LONGITUDE, LATITUDE, HEIGHT, DEVIATION)
values (8019, 5, 3, 1, 42, '水泵类电表', 1, 33, 1, null, '0.4386016987524316', '0.48531866384309663', '0.6030770379809333', 0.28828624319183);

insert into t_mam_measobj (ID, TUNNEL_ID, STORE_ID, AREA_ID, SECTION_ID, NAME, DATATYPE_ID, OBJTYPE_ID, ACTIVED, DESCRIPTION, LONGITUDE, LATITUDE, HEIGHT, DEVIATION)
values (8020, 5, 3, 1, 42, '其他类电表', 1, 34, 1, null, '0.4386016987524316', '0.48531866384309663', '0.6030770379809333', 0.28828624319183);
commit;


--AI
-------------------------------------------------------------------------------------------
insert into t_mam_measobj_ai (ID, REFRESH_TIME, CV)
values (1001, to_date('19-07-2018 17:23:30', 'dd-mm-yyyy hh24:mi:ss'), 11.3145960835601);

insert into t_mam_measobj_ai (ID, REFRESH_TIME, CV)
values (1002, to_date('19-07-2018 17:23:30', 'dd-mm-yyyy hh24:mi:ss'), 22.3145960835601);

insert into t_mam_measobj_ai (ID, REFRESH_TIME, CV)
values (1003, to_date('19-07-2018 17:23:30', 'dd-mm-yyyy hh24:mi:ss'), 22.3145960835601);

insert into t_mam_measobj_ai (ID, REFRESH_TIME, CV)
values (4001, to_date('19-07-2018 17:23:30', 'dd-mm-yyyy hh24:mi:ss'), 13.3145960835601);

insert into t_mam_measobj_ai (ID, REFRESH_TIME, CV)
values (4002, to_date('19-07-2018 17:23:30', 'dd-mm-yyyy hh24:mi:ss'), 24.3145960835601);

insert into t_mam_measobj_ai (ID, REFRESH_TIME, CV)
values (4003, to_date('19-07-2018 17:23:30', 'dd-mm-yyyy hh24:mi:ss'), 36.3145960835601);

insert into t_mam_measobj_ai (ID, REFRESH_TIME, CV)
values (4004, to_date('19-07-2018 17:23:30', 'dd-mm-yyyy hh24:mi:ss'), 44.3145960835601);

-------------------------------------------------------------------------------------------

insert into t_mam_measobj_ai (ID, REFRESH_TIME, CV)
values (1000, to_date('19-07-2018 17:23:30', 'dd-mm-yyyy hh24:mi:ss'), 117.711521170676);

insert into t_mam_measobj_ai (ID, REFRESH_TIME, CV)
values (1004, to_date('19-07-2018 17:23:30', 'dd-mm-yyyy hh24:mi:ss'), 22.3145960835601);

insert into t_mam_measobj_ai (ID, REFRESH_TIME, CV)
values (1005, to_date('19-07-2018 17:23:30', 'dd-mm-yyyy hh24:mi:ss'), 37.7997101552757);

insert into t_mam_measobj_ai (ID, REFRESH_TIME, CV)
values (1006, to_date('19-07-2018 17:23:30', 'dd-mm-yyyy hh24:mi:ss'), 37.7997101552757);

insert into t_mam_measobj_ai (ID, REFRESH_TIME, CV)
values (1007, to_date('19-07-2018 17:23:30', 'dd-mm-yyyy hh24:mi:ss'), 37.7997101552757);

insert into t_mam_measobj_ai (ID, REFRESH_TIME, CV)
values (1008, to_date('19-07-2018 17:23:30', 'dd-mm-yyyy hh24:mi:ss'), 37.7997101552757);

insert into t_mam_measobj_ai (ID, REFRESH_TIME, CV)
values (1009, to_date('19-07-2018 17:23:30', 'dd-mm-yyyy hh24:mi:ss'), 68.8569314597337);

insert into t_mam_measobj_ai (ID, REFRESH_TIME, CV)
values (1010, to_date('19-07-2018 17:23:30', 'dd-mm-yyyy hh24:mi:ss'), 54.5508316145362);

insert into t_mam_measobj_ai (ID, REFRESH_TIME, CV)
values (1011, to_date('19-07-2018 17:23:30', 'dd-mm-yyyy hh24:mi:ss'), 37.7997101552757);

insert into t_mam_measobj_ai (ID, REFRESH_TIME, CV)
values (1012, to_date('19-07-2018 17:23:30', 'dd-mm-yyyy hh24:mi:ss'), 35.6427223473923);

insert into t_mam_measobj_ai (ID, REFRESH_TIME, CV)
values (1013, to_date('19-07-2018 17:23:30', 'dd-mm-yyyy hh24:mi:ss'), 176.322610698795);

insert into t_mam_measobj_ai (ID, REFRESH_TIME, CV)
values (1014, to_date('19-07-2018 17:23:30', 'dd-mm-yyyy hh24:mi:ss'), 174.665804128051);

insert into t_mam_measobj_ai (ID, REFRESH_TIME, CV)
values (1015, to_date('19-07-2018 17:23:30', 'dd-mm-yyyy hh24:mi:ss'), 99.6287340807286);

insert into t_mam_measobj_ai (ID, REFRESH_TIME, CV)
values (1016, to_date('19-07-2018 17:23:30', 'dd-mm-yyyy hh24:mi:ss'), 193.427413892505);

insert into t_mam_measobj_ai (ID, REFRESH_TIME, CV)
values (1017, to_date('19-07-2018 17:23:30', 'dd-mm-yyyy hh24:mi:ss'), 18.0863953276937);

insert into t_mam_measobj_ai (ID, REFRESH_TIME, CV)
values (1018, to_date('19-07-2018 17:23:30', 'dd-mm-yyyy hh24:mi:ss'), 37.7997101552757);

insert into t_mam_measobj_ai (ID, REFRESH_TIME, CV)
values (1019, to_date('19-07-2018 17:23:30', 'dd-mm-yyyy hh24:mi:ss'), 7.12441006932147);

insert into t_mam_measobj_ai (ID, REFRESH_TIME, CV)
values (1020, to_date('19-07-2018 17:23:30', 'dd-mm-yyyy hh24:mi:ss'), 196.560244888402);

insert into t_mam_measobj_ai (ID, REFRESH_TIME, CV)
values (1021, to_date('19-07-2018 17:23:30', 'dd-mm-yyyy hh24:mi:ss'), 37.7997101552757);

insert into t_mam_measobj_ai (ID, REFRESH_TIME, CV)
values (1022, to_date('19-07-2018 17:23:30', 'dd-mm-yyyy hh24:mi:ss'), 1.11049185098537);

insert into t_mam_measobj_ai (ID, REFRESH_TIME, CV)
values (1023, to_date('19-07-2018 17:23:30', 'dd-mm-yyyy hh24:mi:ss'), 103.1208181605);

insert into t_mam_measobj_ai (ID, REFRESH_TIME, CV)
values (1024, to_date('19-07-2018 17:23:30', 'dd-mm-yyyy hh24:mi:ss'), 36.0327398107407);

insert into t_mam_measobj_ai (ID, REFRESH_TIME, CV)
values (1025, to_date('19-07-2018 17:23:30', 'dd-mm-yyyy hh24:mi:ss'), 37.7997101552757);

insert into t_mam_measobj_ai (ID, REFRESH_TIME, CV)
values (1026, to_date('19-07-2018 17:23:30', 'dd-mm-yyyy hh24:mi:ss'), 38.8649238304278);

insert into t_mam_measobj_ai (ID, REFRESH_TIME, CV)
values (1027, to_date('19-07-2018 17:23:30', 'dd-mm-yyyy hh24:mi:ss'), 38.8649238304278);

insert into t_mam_measobj_ai (ID, REFRESH_TIME, CV)
values (1028, to_date('19-07-2018 17:23:30', 'dd-mm-yyyy hh24:mi:ss'), 38.8649238304278);


insert into t_mam_measobj_ai (ID, REFRESH_TIME, CV)
values (1029, to_date('19-07-2018 17:23:30', 'dd-mm-yyyy hh24:mi:ss'), 55.7708095091385);

insert into t_mam_measobj_ai (ID, REFRESH_TIME, CV)
values (1030, to_date('19-07-2018 17:23:30', 'dd-mm-yyyy hh24:mi:ss'), 38.8649238304278);

insert into t_mam_measobj_ai (ID, REFRESH_TIME, CV)
values (1031, to_date('19-07-2018 17:23:30', 'dd-mm-yyyy hh24:mi:ss'), 77.8928501878927);

insert into t_mam_measobj_ai (ID, REFRESH_TIME, CV)
values (1032, to_date('19-07-2018 17:23:30', 'dd-mm-yyyy hh24:mi:ss'), 38.8649238304278);

insert into t_mam_measobj_ai (ID, REFRESH_TIME, CV)
values (1033, to_date('19-07-2018 17:23:30', 'dd-mm-yyyy hh24:mi:ss'), 117.712671442443);

insert into t_mam_measobj_ai (ID, REFRESH_TIME, CV)
values (1034, to_date('19-07-2018 17:23:30', 'dd-mm-yyyy hh24:mi:ss'), 117.712671442443);

insert into t_mam_measobj_ai (ID, REFRESH_TIME, CV)
values (1035, to_date('19-07-2018 17:23:30', 'dd-mm-yyyy hh24:mi:ss'), 117.712671442443);

insert into t_mam_measobj_ai (ID, REFRESH_TIME, CV)
values (1036, to_date('19-07-2018 17:23:30', 'dd-mm-yyyy hh24:mi:ss'), 117.712671442443);

insert into t_mam_measobj_ai (ID, REFRESH_TIME, CV)
values (1037, to_date('19-07-2018 17:23:30', 'dd-mm-yyyy hh24:mi:ss'), 170.55414645243);

insert into t_mam_measobj_ai (ID, REFRESH_TIME, CV)
values (1038, to_date('19-07-2018 17:23:30', 'dd-mm-yyyy hh24:mi:ss'), 32.771875222652);

insert into t_mam_measobj_ai (ID, REFRESH_TIME, CV)
values (1039, to_date('19-07-2018 17:23:30', 'dd-mm-yyyy hh24:mi:ss'), 117.712671442443);

insert into t_mam_measobj_ai (ID, REFRESH_TIME, CV)
values (1040, to_date('19-07-2018 17:23:30', 'dd-mm-yyyy hh24:mi:ss'), 151.533039430129);

insert into t_mam_measobj_ai (ID, REFRESH_TIME, CV)
values (1041, to_date('19-07-2018 17:23:30', 'dd-mm-yyyy hh24:mi:ss'), 184.066989914023);

insert into t_mam_measobj_ai (ID, REFRESH_TIME, CV)
values (1042, to_date('19-07-2018 17:23:30', 'dd-mm-yyyy hh24:mi:ss'), 117.712671442443);

insert into t_mam_measobj_ai (ID, REFRESH_TIME, CV)
values (1043, to_date('19-07-2018 17:23:30', 'dd-mm-yyyy hh24:mi:ss'), 152.003918181956);

insert into t_mam_measobj_ai (ID, REFRESH_TIME, CV)
values (1044, to_date('19-07-2018 17:23:30', 'dd-mm-yyyy hh24:mi:ss'), 198.332221670992);

insert into t_mam_measobj_ai (ID, REFRESH_TIME, CV)
values (1045, to_date('19-07-2018 17:23:30', 'dd-mm-yyyy hh24:mi:ss'), 127.500851490391);

insert into t_mam_measobj_ai (ID, REFRESH_TIME, CV)
values (1046, to_date('19-07-2018 17:23:30', 'dd-mm-yyyy hh24:mi:ss'), 127.500851490391);

insert into t_mam_measobj_ai (ID, REFRESH_TIME, CV)
values (1047, to_date('19-07-2018 17:23:30', 'dd-mm-yyyy hh24:mi:ss'), 127.500851490391);

insert into t_mam_measobj_ai (ID, REFRESH_TIME, CV)
values (1048, to_date('19-07-2018 17:23:30', 'dd-mm-yyyy hh24:mi:ss'), 127.500851490391);

insert into t_mam_measobj_ai (ID, REFRESH_TIME, CV)
values (1049, to_date('19-07-2018 17:23:30', 'dd-mm-yyyy hh24:mi:ss'), 2.55412817443996);

insert into t_mam_measobj_ai (ID, REFRESH_TIME, CV)
values (1050, to_date('19-07-2018 17:23:30', 'dd-mm-yyyy hh24:mi:ss'), 90.8301704845417);

insert into t_mam_measobj_ai (ID, REFRESH_TIME, CV)
values (1054, to_date('19-07-2018 17:23:30', 'dd-mm-yyyy hh24:mi:ss'), 176.545235900562);

insert into t_mam_measobj_ai (ID, REFRESH_TIME, CV)
values (1055, to_date('19-07-2018 17:23:30', 'dd-mm-yyyy hh24:mi:ss'), 75.60930304584);

insert into t_mam_measobj_ai (ID, REFRESH_TIME, CV)
values (1056, to_date('19-07-2018 17:23:30', 'dd-mm-yyyy hh24:mi:ss'), 74.434018844377);

insert into t_mam_measobj_ai (ID, REFRESH_TIME, CV)
values (1057, to_date('19-07-2018 17:23:30', 'dd-mm-yyyy hh24:mi:ss'), 194.372869541593);

insert into t_mam_measobj_ai (ID, REFRESH_TIME, CV)
values (1060, to_date('19-07-2018 17:23:30', 'dd-mm-yyyy hh24:mi:ss'), 64.6130893127349);

insert into t_mam_measobj_ai (ID, REFRESH_TIME, CV)
values (1064, to_date('19-07-2018 17:23:30', 'dd-mm-yyyy hh24:mi:ss'), 172.407977978731);

insert into t_mam_measobj_ai (ID, REFRESH_TIME, CV)
values (1065, to_date('19-07-2018 17:23:30', 'dd-mm-yyyy hh24:mi:ss'), 22.8805442244459);

insert into t_mam_measobj_ai (ID, REFRESH_TIME, CV)
values (1066, to_date('19-07-2018 17:23:30', 'dd-mm-yyyy hh24:mi:ss'), 66.874233980684);

insert into t_mam_measobj_ai (ID, REFRESH_TIME, CV)
values (1067, to_date('19-07-2018 17:23:30', 'dd-mm-yyyy hh24:mi:ss'), 11.860998855345);

insert into t_mam_measobj_ai (ID, REFRESH_TIME, CV)
values (1069, to_date('19-07-2018 17:23:30', 'dd-mm-yyyy hh24:mi:ss'), 83.0268544703096);

insert into t_mam_measobj_ai (ID, REFRESH_TIME, CV)
values (1070, to_date('19-07-2018 17:23:30', 'dd-mm-yyyy hh24:mi:ss'), 124.430513886119);

insert into t_mam_measobj_ai (ID, REFRESH_TIME, CV)
values (1073, to_date('19-07-2018 17:23:30', 'dd-mm-yyyy hh24:mi:ss'), 101.476279675469);


insert into t_mam_measobj_ai (ID, REFRESH_TIME, CV)
values (8001, to_date('19-07-2018 17:23:30', 'dd-mm-yyyy hh24:mi:ss'), 83.0268544703096);

insert into t_mam_measobj_ai (ID, REFRESH_TIME, CV)
values (8002, to_date('19-07-2018 17:23:30', 'dd-mm-yyyy hh24:mi:ss'), 124.430513886119);

insert into t_mam_measobj_ai (ID, REFRESH_TIME, CV)
values (8003, to_date('19-07-2018 17:23:30', 'dd-mm-yyyy hh24:mi:ss'), 101.476279675469);

insert into t_mam_measobj_ai (ID, REFRESH_TIME, CV)
values (8004, to_date('19-07-2018 17:23:30', 'dd-mm-yyyy hh24:mi:ss'), 101.476279675469);

insert into t_mam_measobj_ai (ID, REFRESH_TIME, CV)
values (8005, to_date('19-07-2018 17:23:30', 'dd-mm-yyyy hh24:mi:ss'), 101.476279675469);

insert into t_mam_measobj_ai (ID, REFRESH_TIME, CV)
values (8006, to_date('19-07-2018 17:23:30', 'dd-mm-yyyy hh24:mi:ss'), 101.476279675469);

insert into t_mam_measobj_ai (ID, REFRESH_TIME, CV)
values (8007, to_date('19-07-2018 17:23:30', 'dd-mm-yyyy hh24:mi:ss'), 83.0268544703096);

insert into t_mam_measobj_ai (ID, REFRESH_TIME, CV)
values (8008, to_date('19-07-2018 17:23:30', 'dd-mm-yyyy hh24:mi:ss'), 124.430513886119);

insert into t_mam_measobj_ai (ID, REFRESH_TIME, CV)
values (8009, to_date('19-07-2018 17:23:30', 'dd-mm-yyyy hh24:mi:ss'), 101.476279675469);

insert into t_mam_measobj_ai (ID, REFRESH_TIME, CV)
values (8010, to_date('19-07-2018 17:23:30', 'dd-mm-yyyy hh24:mi:ss'), 101.476279675469);

insert into t_mam_measobj_ai (ID, REFRESH_TIME, CV)
values (8011, to_date('19-07-2018 17:23:30', 'dd-mm-yyyy hh24:mi:ss'), 101.476279675469);

insert into t_mam_measobj_ai (ID, REFRESH_TIME, CV)
values (8012, to_date('19-07-2018 17:23:30', 'dd-mm-yyyy hh24:mi:ss'), 101.476279675469);

insert into t_mam_measobj_ai (ID, REFRESH_TIME, CV)
values (8013, to_date('19-07-2018 17:23:30', 'dd-mm-yyyy hh24:mi:ss'), 83.0268544703096);

insert into t_mam_measobj_ai (ID, REFRESH_TIME, CV)
values (8014, to_date('19-07-2018 17:23:30', 'dd-mm-yyyy hh24:mi:ss'), 124.430513886119);

insert into t_mam_measobj_ai (ID, REFRESH_TIME, CV)
values (8015, to_date('19-07-2018 17:23:30', 'dd-mm-yyyy hh24:mi:ss'), 101.476279675469);

insert into t_mam_measobj_ai (ID, REFRESH_TIME, CV)
values (8016, to_date('19-07-2018 17:23:30', 'dd-mm-yyyy hh24:mi:ss'), 101.476279675469);

insert into t_mam_measobj_ai (ID, REFRESH_TIME, CV)
values (8017, to_date('19-07-2018 17:23:30', 'dd-mm-yyyy hh24:mi:ss'), 101.476279675469);

insert into t_mam_measobj_ai (ID, REFRESH_TIME, CV)
values (8018, to_date('19-07-2018 17:23:30', 'dd-mm-yyyy hh24:mi:ss'), 101.476279675469);

insert into t_mam_measobj_ai (ID, REFRESH_TIME, CV)
values (8019, to_date('19-07-2018 17:23:30', 'dd-mm-yyyy hh24:mi:ss'), 83.0268544703096);

insert into t_mam_measobj_ai (ID, REFRESH_TIME, CV)
values (8020, to_date('19-07-2018 17:23:30', 'dd-mm-yyyy hh24:mi:ss'), 124.430513886119);
commit;

--DI

insert into t_mam_measobj_di (ID, REFRESH_TIME, CV)
values (1006, to_date('19-07-2018 17:23:30', 'dd-mm-yyyy hh24:mi:ss'), 0);

insert into t_mam_measobj_di (ID, REFRESH_TIME, CV)
values (1007, to_date('19-07-2018 17:23:30', 'dd-mm-yyyy hh24:mi:ss'), 1);

insert into t_mam_measobj_di (ID, REFRESH_TIME, CV)
values (1008, to_date('19-07-2018 17:23:30', 'dd-mm-yyyy hh24:mi:ss'), 1);

insert into t_mam_measobj_di (ID, REFRESH_TIME, CV)
values (1011, to_date('19-07-2018 17:23:30', 'dd-mm-yyyy hh24:mi:ss'), 0);

insert into t_mam_measobj_di (ID, REFRESH_TIME, CV)
values (1018, to_date('19-07-2018 17:23:30', 'dd-mm-yyyy hh24:mi:ss'), 1);

insert into t_mam_measobj_di (ID, REFRESH_TIME, CV)
values (1021, to_date('19-07-2018 17:23:30', 'dd-mm-yyyy hh24:mi:ss'), 0);

insert into t_mam_measobj_di (ID, REFRESH_TIME, CV)
values (1025, to_date('19-07-2018 17:23:30', 'dd-mm-yyyy hh24:mi:ss'), 1);

insert into t_mam_measobj_di (ID, REFRESH_TIME, CV)
values (1027, to_date('19-07-2018 17:23:30', 'dd-mm-yyyy hh24:mi:ss'), 0);

insert into t_mam_measobj_di (ID, REFRESH_TIME, CV)
values (1028, to_date('19-07-2018 17:23:30', 'dd-mm-yyyy hh24:mi:ss'), 1);

insert into t_mam_measobj_di (ID, REFRESH_TIME, CV)
values (1030, to_date('19-07-2018 17:23:30', 'dd-mm-yyyy hh24:mi:ss'), 0);

insert into t_mam_measobj_di (ID, REFRESH_TIME, CV)
values (1032, to_date('19-07-2018 17:23:30', 'dd-mm-yyyy hh24:mi:ss'), 0);

insert into t_mam_measobj_di (ID, REFRESH_TIME, CV)
values (1034, to_date('19-07-2018 17:23:30', 'dd-mm-yyyy hh24:mi:ss'), 1);

insert into t_mam_measobj_di (ID, REFRESH_TIME, CV)
values (1035, to_date('19-07-2018 17:23:30', 'dd-mm-yyyy hh24:mi:ss'), 1);

insert into t_mam_measobj_di (ID, REFRESH_TIME, CV)
values (1036, to_date('19-07-2018 17:23:30', 'dd-mm-yyyy hh24:mi:ss'), 0);

insert into t_mam_measobj_di (ID, REFRESH_TIME, CV)
values (1039, to_date('19-07-2018 17:23:30', 'dd-mm-yyyy hh24:mi:ss'), 0);

insert into t_mam_measobj_di (ID, REFRESH_TIME, CV)
values (1042, to_date('19-07-2018 17:23:30', 'dd-mm-yyyy hh24:mi:ss'), 1);

insert into t_mam_measobj_di (ID, REFRESH_TIME, CV)
values (1046, to_date('19-07-2018 17:23:30', 'dd-mm-yyyy hh24:mi:ss'), 0);

insert into t_mam_measobj_di (ID, REFRESH_TIME, CV)
values (1047, to_date('19-07-2018 17:23:30', 'dd-mm-yyyy hh24:mi:ss'), 1);

insert into t_mam_measobj_di (ID, REFRESH_TIME, CV)
values (1048, to_date('19-07-2018 17:23:30', 'dd-mm-yyyy hh24:mi:ss'), 1);

insert into t_mam_measobj_di (ID, REFRESH_TIME, CV)
values (1051, to_date('19-07-2018 17:23:30', 'dd-mm-yyyy hh24:mi:ss'), 0);

insert into t_mam_measobj_di (ID, REFRESH_TIME, CV)
values (1052, to_date('19-07-2018 17:23:30', 'dd-mm-yyyy hh24:mi:ss'), 1);

insert into t_mam_measobj_di (ID, REFRESH_TIME, CV)
values (1053, to_date('19-07-2018 17:23:30', 'dd-mm-yyyy hh24:mi:ss'), 1);

insert into t_mam_measobj_di (ID, REFRESH_TIME, CV)
values (1058, to_date('19-07-2018 17:23:30', 'dd-mm-yyyy hh24:mi:ss'), 0);

insert into t_mam_measobj_di (ID, REFRESH_TIME, CV)
values (1059, to_date('19-07-2018 17:23:30', 'dd-mm-yyyy hh24:mi:ss'), 1);

insert into t_mam_measobj_di (ID, REFRESH_TIME, CV)
values (1061, to_date('19-07-2018 17:23:30', 'dd-mm-yyyy hh24:mi:ss'), 0);

insert into t_mam_measobj_di (ID, REFRESH_TIME, CV)
values (1062, to_date('19-07-2018 17:23:30', 'dd-mm-yyyy hh24:mi:ss'), 0);

insert into t_mam_measobj_di (ID, REFRESH_TIME, CV)
values (1063, to_date('19-07-2018 17:23:30', 'dd-mm-yyyy hh24:mi:ss'), 1);

insert into t_mam_measobj_di (ID, REFRESH_TIME, CV)
values (1068, to_date('19-07-2018 17:23:30', 'dd-mm-yyyy hh24:mi:ss'), 0);

insert into t_mam_measobj_di (ID, REFRESH_TIME, CV)
values (1071, to_date('19-07-2018 17:23:30', 'dd-mm-yyyy hh24:mi:ss'), 1);

insert into t_mam_measobj_di (ID, REFRESH_TIME, CV)
values (1072, to_date('19-07-2018 17:23:30', 'dd-mm-yyyy hh24:mi:ss'), 1);

insert into t_mam_measobj_di (ID, REFRESH_TIME, CV)
values (1074, to_date('19-07-2018 17:23:30', 'dd-mm-yyyy hh24:mi:ss'), 1);
commit;

-- si

insert into t_mam_measobj_si (ID, REFRESH_TIME, CV)
values (41001, to_date('19-07-2018 17:23:30', 'dd-mm-yyyy hh24:mi:ss'), 1);

insert into t_mam_measobj_si (ID, REFRESH_TIME, CV)
values (41002, to_date('19-07-2018 17:23:30', 'dd-mm-yyyy hh24:mi:ss'), 0);

insert into t_mam_measobj_si (ID, REFRESH_TIME, CV)
values (41003, to_date('19-07-2018 17:23:30', 'dd-mm-yyyy hh24:mi:ss'), 1);

insert into t_mam_measobj_si (ID, REFRESH_TIME, CV)
values (41004, to_date('19-07-2018 17:23:30', 'dd-mm-yyyy hh24:mi:ss'), 1);

insert into t_mam_measobj_si (ID, REFRESH_TIME, CV)
values (41005, to_date('19-07-2018 17:23:30', 'dd-mm-yyyy hh24:mi:ss'), 1);

insert into t_mam_measobj_si (ID, REFRESH_TIME, CV)
values (41006, to_date('19-07-2018 17:23:30', 'dd-mm-yyyy hh24:mi:ss'), 0);

insert into t_mam_measobj_si (ID, REFRESH_TIME, CV)
values (41007, to_date('19-07-2018 17:23:30', 'dd-mm-yyyy hh24:mi:ss'), 1);

insert into t_mam_measobj_si (ID, REFRESH_TIME, CV)
values (41008, to_date('19-07-2018 17:23:30', 'dd-mm-yyyy hh24:mi:ss'), 1);
commit;


--video
--t_mam_video
------------------------------------------------------------------------
insert into t_mam_video (ID, SERVER_ID, VIDEO_SCENE_ID, CHANNEL_NO)
values (7005, 1, 4, 1);

insert into t_mam_video (ID, SERVER_ID, VIDEO_SCENE_ID, CHANNEL_NO)
values (7001, 2, 4, 1);

insert into t_mam_video (ID, SERVER_ID, VIDEO_SCENE_ID, CHANNEL_NO)
values (7002, 2, 4, 2);

insert into t_mam_video (ID, SERVER_ID, VIDEO_SCENE_ID, CHANNEL_NO)
values (7003, 2, 4, 3);

insert into t_mam_video (ID, SERVER_ID, VIDEO_SCENE_ID, CHANNEL_NO)
values (7004, 2, 4, 4);

commit;

--T_MAM_VIDEO_SCENE
insert into T_MAM_VIDEO_SCENE (ID, NAME, TUNNEL_ID, IS_LOOP, LOOP_INDEX)
values (1, '场景0', 1, 1, 1);

insert into T_MAM_VIDEO_SCENE (ID, NAME, TUNNEL_ID, IS_LOOP, LOOP_INDEX)
values (2, '场景1', 1, 1, 2);

insert into T_MAM_VIDEO_SCENE (ID, NAME, TUNNEL_ID, IS_LOOP, LOOP_INDEX)
values (3, '场景2', 1, 1, 3);

insert into T_MAM_VIDEO_SCENE (ID, NAME, TUNNEL_ID, IS_LOOP, LOOP_INDEX)
values (4, '场景3', 1, 1, 4);
commit;

--T_MAM_VIDEO_SERVER
insert into T_MAM_VIDEO_SERVER (ID, NAME, VENDOR, VENDOR_VERSION, IP, PORT, USERNAME, PASSWORD, CHANNEL_NUM)
values (1, 'h5streamServer1', 5, 1, 'localhost', 8078, 'admin', '827ccb0eea8a706c4c34a16891f84e7b', 1000);
insert into T_MAM_VIDEO_SERVER (ID, NAME, VENDOR, VENDOR_VERSION, IP, PORT, USERNAME, PASSWORD, CHANNEL_NUM)
values (2, 'h5streamServer2', 5, 1, 'localhost', 8078, 'admin', '827ccb0eea8a706c4c34a16891f84e7b', 1000);
--insert into T_MAM_VIDEO_SERVER (ID, NAME, VENDOR, VENDOR_VERSION, IP, PORT, USERNAME, PASSWORD, CHANNEL_NUM)
--values (3, '霍尼视频服务2', 3, 1, '192.168.3.202', 554, 'admin', '123456', 16);
--insert into T_MAM_VIDEO_SERVER (ID, NAME, VENDOR, VENDOR_VERSION, IP, PORT, USERNAME, PASSWORD, CHANNEL_NUM)
--values (4, '霍尼视频服务3', 4, 1, '192.168.3.203', 554, 'admin', '1234', 16);
--insert into T_MAM_VIDEO_SERVER (ID, NAME, VENDOR, VENDOR_VERSION, IP, PORT, USERNAME, PASSWORD, CHANNEL_NUM)
--values (5, '霍尼视频服务4', 4, 1, '192.168.3.204', 554, 'admin', '1234', 16);
commit;

--T_MAM_VIDEO_PRESET

insert into T_MAM_VIDEO_PRESET (ID, VIDEO_ID, PRESET_NAME, LONGITUDE, LATITUDE, HEIGHT, PITCH, ROLL, HEADING)
values (1, 7002, 'Preset01', '112.49402813799628', '37.706116840557605', '6.851935788936207', '-0.2724024021381095', '6.283185307178137', '6.271857203436569');

insert into T_MAM_VIDEO_PRESET (ID, VIDEO_ID, PRESET_NAME, LONGITUDE, LATITUDE, HEIGHT, PITCH, ROLL, HEADING)
values (2, 7002, 'Preset02', '112.49403280823496', '37.706207187525536', '7.343995845828308', '-0.27240279740999673', '6.283185307178137', '6.271857253288892');

insert into T_MAM_VIDEO_PRESET (ID, VIDEO_ID, PRESET_NAME, LONGITUDE, LATITUDE, HEIGHT, PITCH, ROLL, HEADING)
values (3, 7002, 'Preset03', '112.49402802733749', '37.70637706815529', '7.3439958483278325', '-0.2724027974099972', '6.283185307178137', '6.271857202252852');

insert into T_MAM_VIDEO_PRESET (ID, VIDEO_ID, PRESET_NAME, LONGITUDE, LATITUDE, HEIGHT, PITCH, ROLL, HEADING)
values (4, 7002, '预置位04', '112.49401917673796', '37.70638185293554', '6.751339453869223', '-0.25434231303567767', '6.283185307178918', '0.09245814690769727');

insert into T_MAM_VIDEO_PRESET (ID, VIDEO_ID, PRESET_NAME, LONGITUDE, LATITUDE, HEIGHT, PITCH, ROLL, HEADING)
values (5, 7001, 'Preset01', '112.49403349357278', '37.70652018691621', '7.544737046692912', '-0.2678876764116045', '6.283185307179586', '0.06024901247377379');

insert into T_MAM_VIDEO_PRESET (ID, VIDEO_ID, PRESET_NAME, LONGITUDE, LATITUDE, HEIGHT, PITCH, ROLL, HEADING)
values (6, 7001, 'Preset02', '112.49402987216697', '37.70683513370194', '7.544737046502993', '-0.2678876764116034', '6.283185307179586', '0.060248973813991746');

insert into T_MAM_VIDEO_PRESET (ID, VIDEO_ID, PRESET_NAME, LONGITUDE, LATITUDE, HEIGHT, PITCH, ROLL, HEADING)
values (7, 7001, 'Preset03', '112.49402844686962', '37.70701112955229', '7.54473704489528', '-0.2678876764116027', '6.283185307179586', '0.06024895859854151');

insert into T_MAM_VIDEO_PRESET (ID, VIDEO_ID, PRESET_NAME, LONGITUDE, LATITUDE, HEIGHT, PITCH, ROLL, HEADING)
values (8, 7001, 'Preset04', '112.49402990535913', '37.707200121673274', '7.999855170227207', '-0.2155167312089037', '4.9187320882992935e-12', '3.172993526338142');

insert into T_MAM_VIDEO_PRESET (ID, VIDEO_ID, PRESET_NAME, LONGITUDE, LATITUDE, HEIGHT, PITCH, ROLL, HEADING)
values (9, 7001, 'Preset05', '112.49403144267245', '37.7069609960568', '7.999855344229916', '-0.21551673120890502', '4.9187320882992935e-12', '3.172993542747524');

insert into T_MAM_VIDEO_PRESET (ID, VIDEO_ID, PRESET_NAME, LONGITUDE, LATITUDE, HEIGHT, PITCH, ROLL, HEADING)
values (10, 7001, 'Preset06', '112.49403082395031', '37.70669497812398', '7.999915993462895', '-0.21551673120890458', '4.9187320882992935e-12', '3.1729935361423527');

insert into T_MAM_VIDEO_PRESET (ID, VIDEO_ID, PRESET_NAME, LONGITUDE, LATITUDE, HEIGHT, PITCH, ROLL, HEADING)
values (11, 7002, 'Preset05', '112.49402413453646', '37.7064711501189', '7.999915994842282', '-0.21551673120890502', '4.9187320882992935e-12', '3.1729934647341027');

insert into T_MAM_VIDEO_PRESET (ID, VIDEO_ID, PRESET_NAME, LONGITUDE, LATITUDE, HEIGHT, PITCH, ROLL, HEADING)
values (12, 7002, 'Preset06', '112.49402578735953', '37.70637986159341', '7.9999159890315985', '-0.21551673120890458', '4.9187320882992935e-12', '3.172993482377395');

insert into T_MAM_VIDEO_PRESET (ID, VIDEO_ID, PRESET_NAME, LONGITUDE, LATITUDE, HEIGHT, PITCH, ROLL, HEADING)
values (13, 7002, 'Preset07', '112.49402911615826', '37.706258094337244', '7.999915990457478', '-0.21551673120890458', '4.9187320882992935e-12', '3.1729935179110234');

insert into T_MAM_VIDEO_PRESET (ID, VIDEO_ID, PRESET_NAME, LONGITUDE, LATITUDE, HEIGHT, PITCH, ROLL, HEADING)
values (14, 7003, 'preset0', '112.49408196250324', '37.70613345876488', '7.999915991913847', '-0.2155167312089019', '4.919620266718994e-12', '6.239803289428259');

insert into T_MAM_VIDEO_PRESET (ID, VIDEO_ID, PRESET_NAME, LONGITUDE, LATITUDE, HEIGHT, PITCH, ROLL, HEADING)
values (15, 7003, 'Preset02', '112.49408510381862', '37.706197587440506', '7.9999159890363885', '-0.21551673120890213', '4.9187320882992935e-12', '6.2398033229604986');

insert into T_MAM_VIDEO_PRESET (ID, VIDEO_ID, PRESET_NAME, LONGITUDE, LATITUDE, HEIGHT, PITCH, ROLL, HEADING)
values (16, 7003, 'Preset03', '112.49407930697184', '37.70634532244847', '7.9999419811600445', '-0.2155167312089028', '4.919620266718994e-12', '6.239803261080567');

insert into T_MAM_VIDEO_PRESET (ID, VIDEO_ID, PRESET_NAME, LONGITUDE, LATITUDE, HEIGHT, PITCH, ROLL, HEADING)
values (17, 7004, 'preset0', '112.49408950743312', '37.706472664166206', '7.99994197859222', '-0.21551673120890347', '4.919620266718994e-12', '6.239803369967195');

insert into T_MAM_VIDEO_PRESET (ID, VIDEO_ID, PRESET_NAME, LONGITUDE, LATITUDE, HEIGHT, PITCH, ROLL, HEADING)
values (18, 7004, 'Preset02', '112.49408655468211', '37.70672179690486', '7.999941981277248', '-0.21551673120890258', '4.9187320882992935e-12', '6.239803338446345');

insert into T_MAM_VIDEO_PRESET (ID, VIDEO_ID, PRESET_NAME, LONGITUDE, LATITUDE, HEIGHT, PITCH, ROLL, HEADING)
values (19, 7004, 'Preset03', '112.49408770385013', '37.70696280610979', '7.9999419857555605', '-0.21551673120890413', '4.9187320882992935e-12', '6.239803350713733');

commit;

--t_mam_measobj_distribute



--T_MAM_MEASVALUE_AI
insert into T_MAM_MEASVALUE_AI (TIME, OBJECT_ID, CV)
values (to_date('17-09-2018 16:00:00', 'dd-mm-yyyy hh24:mi:ss'), 8001, 22.2);

insert into T_MAM_MEASVALUE_AI (TIME, OBJECT_ID, CV)
values (to_date('17-09-2018', 'dd-mm-yyyy'), 8001, 1);

insert into T_MAM_MEASVALUE_AI (TIME, OBJECT_ID, CV)
values (to_date('20-09-2018', 'dd-mm-yyyy'), 8002, 1);

insert into T_MAM_MEASVALUE_AI (TIME, OBJECT_ID, CV)
values (to_date('20-09-2018 16:00:00', 'dd-mm-yyyy hh24:mi:ss'), 8002, 12);

insert into T_MAM_MEASVALUE_AI (TIME, OBJECT_ID, CV)
values (to_date('20-09-2018', 'dd-mm-yyyy'), 8003, 1);

insert into T_MAM_MEASVALUE_AI (TIME, OBJECT_ID, CV)
values (to_date('20-09-2018 16:00:00', 'dd-mm-yyyy hh24:mi:ss'), 8003, 12);

insert into T_MAM_MEASVALUE_AI (TIME, OBJECT_ID, CV)
values (to_date('20-09-2018', 'dd-mm-yyyy'), 8004, 1);

insert into T_MAM_MEASVALUE_AI (TIME, OBJECT_ID, CV)
values (to_date('20-09-2018 16:00:00', 'dd-mm-yyyy hh24:mi:ss'), 8004, 33);

insert into T_MAM_MEASVALUE_AI (TIME, OBJECT_ID, CV)
values (to_date('20-09-2018', 'dd-mm-yyyy'), 8005, 1);

insert into T_MAM_MEASVALUE_AI (TIME, OBJECT_ID, CV)
values (to_date('20-09-2018 16:00:00', 'dd-mm-yyyy hh24:mi:ss'), 8005, 42);

insert into T_MAM_MEASVALUE_AI (TIME, OBJECT_ID, CV)
values (to_date('20-09-2018', 'dd-mm-yyyy'), 8006, 1);

insert into T_MAM_MEASVALUE_AI (TIME, OBJECT_ID, CV)
values (to_date('20-09-2018 16:00:00', 'dd-mm-yyyy hh24:mi:ss'), 8006, 62);

insert into T_MAM_MEASVALUE_AI (TIME, OBJECT_ID, CV)
values (to_date('20-09-2018', 'dd-mm-yyyy'), 8007, 0);

insert into T_MAM_MEASVALUE_AI (TIME, OBJECT_ID, CV)
values (to_date('20-09-2018 16:00:00', 'dd-mm-yyyy hh24:mi:ss'), 8007, 12);

insert into T_MAM_MEASVALUE_AI (TIME, OBJECT_ID, CV)
values (to_date('20-09-2018', 'dd-mm-yyyy'), 8008, 2);

insert into T_MAM_MEASVALUE_AI (TIME, OBJECT_ID, CV)
values (to_date('20-09-2018 16:00:00', 'dd-mm-yyyy hh24:mi:ss'), 8008, 38);

insert into T_MAM_MEASVALUE_AI (TIME, OBJECT_ID, CV)
values (to_date('20-09-2018', 'dd-mm-yyyy'), 8009, 1);

insert into T_MAM_MEASVALUE_AI (TIME, OBJECT_ID, CV)
values (to_date('20-09-2018 16:00:00', 'dd-mm-yyyy hh24:mi:ss'), 8009, 66);

insert into T_MAM_MEASVALUE_AI (TIME, OBJECT_ID, CV)
values (to_date('20-09-2018', 'dd-mm-yyyy'), 8010, 1);

insert into T_MAM_MEASVALUE_AI (TIME, OBJECT_ID, CV)
values (to_date('20-09-2018 16:00:00', 'dd-mm-yyyy hh24:mi:ss'), 8010, 42);

insert into T_MAM_MEASVALUE_AI (TIME, OBJECT_ID, CV)
values (to_date('20-09-2018', 'dd-mm-yyyy'), 8011, 1);

insert into T_MAM_MEASVALUE_AI (TIME, OBJECT_ID, CV)
values (to_date('20-09-2018 16:00:00', 'dd-mm-yyyy hh24:mi:ss'), 8011, 62);

insert into T_MAM_MEASVALUE_AI (TIME, OBJECT_ID, CV)
values (to_date('20-09-2018', 'dd-mm-yyyy'), 8012, 1);

insert into T_MAM_MEASVALUE_AI (TIME, OBJECT_ID, CV)
values (to_date('20-09-2018 16:00:00', 'dd-mm-yyyy hh24:mi:ss'), 8012, 92);

insert into T_MAM_MEASVALUE_AI (TIME, OBJECT_ID, CV)
values (to_date('20-09-2018', 'dd-mm-yyyy'), 8013, 1);

insert into T_MAM_MEASVALUE_AI (TIME, OBJECT_ID, CV)
values (to_date('20-09-2018 16:00:00', 'dd-mm-yyyy hh24:mi:ss'), 8013, 92);

insert into T_MAM_MEASVALUE_AI (TIME, OBJECT_ID, CV)
values (to_date('20-09-2018', 'dd-mm-yyyy'), 8014, 1);

insert into T_MAM_MEASVALUE_AI (TIME, OBJECT_ID, CV)
values (to_date('20-09-2018 16:00:00', 'dd-mm-yyyy hh24:mi:ss'), 8014, 33);

insert into T_MAM_MEASVALUE_AI (TIME, OBJECT_ID, CV)
values (to_date('20-09-2018', 'dd-mm-yyyy'), 8015, 6);

insert into T_MAM_MEASVALUE_AI (TIME, OBJECT_ID, CV)
values (to_date('20-09-2018 16:00:00', 'dd-mm-yyyy hh24:mi:ss'), 8015, 42);

insert into T_MAM_MEASVALUE_AI (TIME, OBJECT_ID, CV)
values (to_date('20-09-2018', 'dd-mm-yyyy'), 8016, 1);

insert into T_MAM_MEASVALUE_AI (TIME, OBJECT_ID, CV)
values (to_date('20-09-2018 16:00:00', 'dd-mm-yyyy hh24:mi:ss'), 8016, 62);

insert into T_MAM_MEASVALUE_AI (TIME, OBJECT_ID, CV)
values (to_date('20-09-2018', 'dd-mm-yyyy'), 8017, 1);

insert into T_MAM_MEASVALUE_AI (TIME, OBJECT_ID, CV)
values (to_date('20-09-2018 16:00:00', 'dd-mm-yyyy hh24:mi:ss'), 8017, 82);

insert into T_MAM_MEASVALUE_AI (TIME, OBJECT_ID, CV)
values (to_date('20-09-2018', 'dd-mm-yyyy'), 8018, 1);

insert into T_MAM_MEASVALUE_AI (TIME, OBJECT_ID, CV)
values (to_date('20-09-2018 16:00:00', 'dd-mm-yyyy hh24:mi:ss'), 8018, 72);

insert into T_MAM_MEASVALUE_AI (TIME, OBJECT_ID, CV)
values (to_date('20-09-2018', 'dd-mm-yyyy'), 8019, 1);

insert into T_MAM_MEASVALUE_AI (TIME, OBJECT_ID, CV)
values (to_date('20-09-2018 16:00:00', 'dd-mm-yyyy hh24:mi:ss'), 8019, 33);

insert into T_MAM_MEASVALUE_AI (TIME, OBJECT_ID, CV)
values (to_date('20-09-2018', 'dd-mm-yyyy'), 8020, 1);

insert into T_MAM_MEASVALUE_AI (TIME, OBJECT_ID, CV)
values (to_date('20-09-2018 16:00:00', 'dd-mm-yyyy hh24:mi:ss'), 8020, 42);

insert into T_MAM_MEASVALUE_AI (TIME, OBJECT_ID, CV)
values (to_date('21-09-2018 16:00:00', 'dd-mm-yyyy hh24:mi:ss'), 8001, 133.2);

insert into T_MAM_MEASVALUE_AI (TIME, OBJECT_ID, CV)
values (to_date('21-09-2018', 'dd-mm-yyyy'), 8001, 11);

insert into T_MAM_MEASVALUE_AI (TIME, OBJECT_ID, CV)
values (to_date('21-09-2018', 'dd-mm-yyyy'), 8002, 10);

insert into T_MAM_MEASVALUE_AI (TIME, OBJECT_ID, CV)
values (to_date('21-09-2018 16:00:00', 'dd-mm-yyyy hh24:mi:ss'), 8002, 130);

insert into T_MAM_MEASVALUE_AI (TIME, OBJECT_ID, CV)
values (to_date('21-09-2018', 'dd-mm-yyyy'), 8003, 1);

insert into T_MAM_MEASVALUE_AI (TIME, OBJECT_ID, CV)
values (to_date('21-09-2018 16:00:00', 'dd-mm-yyyy hh24:mi:ss'), 8003, 118);

insert into T_MAM_MEASVALUE_AI (TIME, OBJECT_ID, CV)
values (to_date('21-09-2018', 'dd-mm-yyyy'), 8004, 1);

insert into T_MAM_MEASVALUE_AI (TIME, OBJECT_ID, CV)
values (to_date('21-09-2018 16:00:00', 'dd-mm-yyyy hh24:mi:ss'), 8004, 141);

insert into T_MAM_MEASVALUE_AI (TIME, OBJECT_ID, CV)
values (to_date('21-09-2018', 'dd-mm-yyyy'), 8005, 1);

insert into T_MAM_MEASVALUE_AI (TIME, OBJECT_ID, CV)
values (to_date('21-09-2018 16:00:00', 'dd-mm-yyyy hh24:mi:ss'), 8005, 155);

insert into T_MAM_MEASVALUE_AI (TIME, OBJECT_ID, CV)
values (to_date('21-09-2018', 'dd-mm-yyyy'), 8006, 1);

insert into T_MAM_MEASVALUE_AI (TIME, OBJECT_ID, CV)
values (to_date('21-09-2018 16:00:00', 'dd-mm-yyyy hh24:mi:ss'), 8006, 144);

insert into T_MAM_MEASVALUE_AI (TIME, OBJECT_ID, CV)
values (to_date('21-09-2018', 'dd-mm-yyyy'), 8007, 0);

insert into T_MAM_MEASVALUE_AI (TIME, OBJECT_ID, CV)
values (to_date('21-09-2018 16:00:00', 'dd-mm-yyyy hh24:mi:ss'), 8007, 133);

insert into T_MAM_MEASVALUE_AI (TIME, OBJECT_ID, CV)
values (to_date('21-09-2018', 'dd-mm-yyyy'), 8008, 2);

insert into T_MAM_MEASVALUE_AI (TIME, OBJECT_ID, CV)
values (to_date('21-09-2018 16:00:00', 'dd-mm-yyyy hh24:mi:ss'), 8008, 197);

insert into T_MAM_MEASVALUE_AI (TIME, OBJECT_ID, CV)
values (to_date('21-09-2018', 'dd-mm-yyyy'), 8009, 1);

insert into T_MAM_MEASVALUE_AI (TIME, OBJECT_ID, CV)
values (to_date('21-09-2018 16:00:00', 'dd-mm-yyyy hh24:mi:ss'), 8009, 177);

insert into T_MAM_MEASVALUE_AI (TIME, OBJECT_ID, CV)
values (to_date('21-09-2018', 'dd-mm-yyyy'), 8010, 12);

insert into T_MAM_MEASVALUE_AI (TIME, OBJECT_ID, CV)
values (to_date('21-09-2018 16:00:00', 'dd-mm-yyyy hh24:mi:ss'), 8010, 122);

insert into T_MAM_MEASVALUE_AI (TIME, OBJECT_ID, CV)
values (to_date('21-09-2018', 'dd-mm-yyyy'), 8011, 11);

insert into T_MAM_MEASVALUE_AI (TIME, OBJECT_ID, CV)
values (to_date('21-09-2018 16:00:00', 'dd-mm-yyyy hh24:mi:ss'), 8011, 133);

insert into T_MAM_MEASVALUE_AI (TIME, OBJECT_ID, CV)
values (to_date('21-09-2018', 'dd-mm-yyyy'), 8012, 10);

insert into T_MAM_MEASVALUE_AI (TIME, OBJECT_ID, CV)
values (to_date('21-09-2018 16:00:00', 'dd-mm-yyyy hh24:mi:ss'), 8012, 142);

insert into T_MAM_MEASVALUE_AI (TIME, OBJECT_ID, CV)
values (to_date('21-09-2018', 'dd-mm-yyyy'), 8013, 18);

insert into T_MAM_MEASVALUE_AI (TIME, OBJECT_ID, CV)
values (to_date('21-09-2018 16:00:00', 'dd-mm-yyyy hh24:mi:ss'), 8013, 166);

insert into T_MAM_MEASVALUE_AI (TIME, OBJECT_ID, CV)
values (to_date('21-09-2018', 'dd-mm-yyyy'), 8014, 14);

insert into T_MAM_MEASVALUE_AI (TIME, OBJECT_ID, CV)
values (to_date('21-09-2018 16:00:00', 'dd-mm-yyyy hh24:mi:ss'), 8014, 166);

insert into T_MAM_MEASVALUE_AI (TIME, OBJECT_ID, CV)
values (to_date('21-09-2018', 'dd-mm-yyyy'), 8015, 16);

insert into T_MAM_MEASVALUE_AI (TIME, OBJECT_ID, CV)
values (to_date('21-09-2018 16:00:00', 'dd-mm-yyyy hh24:mi:ss'), 8015, 166);

insert into T_MAM_MEASVALUE_AI (TIME, OBJECT_ID, CV)
values (to_date('21-09-2018', 'dd-mm-yyyy'), 8016, 10);

insert into T_MAM_MEASVALUE_AI (TIME, OBJECT_ID, CV)
values (to_date('21-09-2018 16:00:00', 'dd-mm-yyyy hh24:mi:ss'), 8016, 166);

insert into T_MAM_MEASVALUE_AI (TIME, OBJECT_ID, CV)
values (to_date('21-09-2018', 'dd-mm-yyyy'), 8017, 10);

insert into T_MAM_MEASVALUE_AI (TIME, OBJECT_ID, CV)
values (to_date('21-09-2018 16:00:00', 'dd-mm-yyyy hh24:mi:ss'), 8017, 166);

insert into T_MAM_MEASVALUE_AI (TIME, OBJECT_ID, CV)
values (to_date('21-09-2018', 'dd-mm-yyyy'), 8018, 17);

insert into T_MAM_MEASVALUE_AI (TIME, OBJECT_ID, CV)
values (to_date('21-09-2018 16:00:00', 'dd-mm-yyyy hh24:mi:ss'), 8018, 166);

insert into T_MAM_MEASVALUE_AI (TIME, OBJECT_ID, CV)
values (to_date('21-09-2018', 'dd-mm-yyyy'), 8019, 12);

insert into T_MAM_MEASVALUE_AI (TIME, OBJECT_ID, CV)
values (to_date('21-09-2018 16:00:00', 'dd-mm-yyyy hh24:mi:ss'), 8019, 166);

insert into T_MAM_MEASVALUE_AI (TIME, OBJECT_ID, CV)
values (to_date('21-09-2018', 'dd-mm-yyyy'), 8020, 10);

insert into T_MAM_MEASVALUE_AI (TIME, OBJECT_ID, CV)
values (to_date('21-09-2018 16:00:00', 'dd-mm-yyyy hh24:mi:ss'), 8020, 166);


insert into T_MAM_MEASVALUE_AI (TIME, OBJECT_ID, CV)
values (to_date('11-09-2018 16:00:00', 'dd-mm-yyyy hh24:mi:ss'), 8001, 113.2);

insert into T_MAM_MEASVALUE_AI (TIME, OBJECT_ID, CV)
values (to_date('11-09-2018', 'dd-mm-yyyy'), 8001, 4);

insert into T_MAM_MEASVALUE_AI (TIME, OBJECT_ID, CV)
values (to_date('11-09-2018', 'dd-mm-yyyy'), 8002, 3);

insert into T_MAM_MEASVALUE_AI (TIME, OBJECT_ID, CV)
values (to_date('11-09-2018 16:00:00', 'dd-mm-yyyy hh24:mi:ss'), 8002, 110);

insert into T_MAM_MEASVALUE_AI (TIME, OBJECT_ID, CV)
values (to_date('11-09-2018', 'dd-mm-yyyy'), 8003, 1);

insert into T_MAM_MEASVALUE_AI (TIME, OBJECT_ID, CV)
values (to_date('11-09-2018 16:00:00', 'dd-mm-yyyy hh24:mi:ss'), 8003, 111);

insert into T_MAM_MEASVALUE_AI (TIME, OBJECT_ID, CV)
values (to_date('11-09-2018', 'dd-mm-yyyy'), 8004, 1);

insert into T_MAM_MEASVALUE_AI (TIME, OBJECT_ID, CV)
values (to_date('11-09-2018 16:00:00', 'dd-mm-yyyy hh24:mi:ss'), 8004, 111);

insert into T_MAM_MEASVALUE_AI (TIME, OBJECT_ID, CV)
values (to_date('11-09-2018', 'dd-mm-yyyy'), 8005, 1);

insert into T_MAM_MEASVALUE_AI (TIME, OBJECT_ID, CV)
values (to_date('11-09-2018 16:00:00', 'dd-mm-yyyy hh24:mi:ss'), 8005, 115);

insert into T_MAM_MEASVALUE_AI (TIME, OBJECT_ID, CV)
values (to_date('11-09-2018', 'dd-mm-yyyy'), 8006, 1);

insert into T_MAM_MEASVALUE_AI (TIME, OBJECT_ID, CV)
values (to_date('11-09-2018 16:00:00', 'dd-mm-yyyy hh24:mi:ss'), 8006, 114);

insert into T_MAM_MEASVALUE_AI (TIME, OBJECT_ID, CV)
values (to_date('11-09-2018', 'dd-mm-yyyy'), 8007, 0);

insert into T_MAM_MEASVALUE_AI (TIME, OBJECT_ID, CV)
values (to_date('11-09-2018 16:00:00', 'dd-mm-yyyy hh24:mi:ss'), 8007, 113);

insert into T_MAM_MEASVALUE_AI (TIME, OBJECT_ID, CV)
values (to_date('11-09-2018', 'dd-mm-yyyy'), 8008, 2);

insert into T_MAM_MEASVALUE_AI (TIME, OBJECT_ID, CV)
values (to_date('11-09-2018 16:00:00', 'dd-mm-yyyy hh24:mi:ss'), 8008, 117);

insert into T_MAM_MEASVALUE_AI (TIME, OBJECT_ID, CV)
values (to_date('11-09-2018', 'dd-mm-yyyy'), 8009, 1);

insert into T_MAM_MEASVALUE_AI (TIME, OBJECT_ID, CV)
values (to_date('11-09-2018 16:00:00', 'dd-mm-yyyy hh24:mi:ss'), 8009, 117);

insert into T_MAM_MEASVALUE_AI (TIME, OBJECT_ID, CV)
values (to_date('11-09-2018', 'dd-mm-yyyy'), 8010, 12);

insert into T_MAM_MEASVALUE_AI (TIME, OBJECT_ID, CV)
values (to_date('11-09-2018 16:00:00', 'dd-mm-yyyy hh24:mi:ss'), 8010, 112);

insert into T_MAM_MEASVALUE_AI (TIME, OBJECT_ID, CV)
values (to_date('11-09-2018', 'dd-mm-yyyy'), 8011, 11);

insert into T_MAM_MEASVALUE_AI (TIME, OBJECT_ID, CV)
values (to_date('11-09-2018 16:00:00', 'dd-mm-yyyy hh24:mi:ss'), 8011, 113);

insert into T_MAM_MEASVALUE_AI (TIME, OBJECT_ID, CV)
values (to_date('11-09-2018', 'dd-mm-yyyy'), 8012, 10);

insert into T_MAM_MEASVALUE_AI (TIME, OBJECT_ID, CV)
values (to_date('11-09-2018 16:00:00', 'dd-mm-yyyy hh24:mi:ss'), 8012, 112);

insert into T_MAM_MEASVALUE_AI (TIME, OBJECT_ID, CV)
values (to_date('11-09-2018', 'dd-mm-yyyy'), 8013, 18);

insert into T_MAM_MEASVALUE_AI (TIME, OBJECT_ID, CV)
values (to_date('11-09-2018 16:00:00', 'dd-mm-yyyy hh24:mi:ss'), 8013, 116);

insert into T_MAM_MEASVALUE_AI (TIME, OBJECT_ID, CV)
values (to_date('11-09-2018', 'dd-mm-yyyy'), 8014, 14);

insert into T_MAM_MEASVALUE_AI (TIME, OBJECT_ID, CV)
values (to_date('11-09-2018 16:00:00', 'dd-mm-yyyy hh24:mi:ss'), 8014, 116);

insert into T_MAM_MEASVALUE_AI (TIME, OBJECT_ID, CV)
values (to_date('11-09-2018', 'dd-mm-yyyy'), 8015, 16);

insert into T_MAM_MEASVALUE_AI (TIME, OBJECT_ID, CV)
values (to_date('11-09-2018 16:00:00', 'dd-mm-yyyy hh24:mi:ss'), 8015, 116);

insert into T_MAM_MEASVALUE_AI (TIME, OBJECT_ID, CV)
values (to_date('11-09-2018', 'dd-mm-yyyy'), 8016, 10);

insert into T_MAM_MEASVALUE_AI (TIME, OBJECT_ID, CV)
values (to_date('11-09-2018 16:00:00', 'dd-mm-yyyy hh24:mi:ss'), 8016, 116);

insert into T_MAM_MEASVALUE_AI (TIME, OBJECT_ID, CV)
values (to_date('11-09-2018', 'dd-mm-yyyy'), 8017, 10);

insert into T_MAM_MEASVALUE_AI (TIME, OBJECT_ID, CV)
values (to_date('11-09-2018 16:00:00', 'dd-mm-yyyy hh24:mi:ss'), 8017, 116);

insert into T_MAM_MEASVALUE_AI (TIME, OBJECT_ID, CV)
values (to_date('11-09-2018', 'dd-mm-yyyy'), 8018, 17);

insert into T_MAM_MEASVALUE_AI (TIME, OBJECT_ID, CV)
values (to_date('11-09-2018 16:00:00', 'dd-mm-yyyy hh24:mi:ss'), 8018, 116);

insert into T_MAM_MEASVALUE_AI (TIME, OBJECT_ID, CV)
values (to_date('11-09-2018', 'dd-mm-yyyy'), 8019, 12);

insert into T_MAM_MEASVALUE_AI (TIME, OBJECT_ID, CV)
values (to_date('11-09-2018 16:00:00', 'dd-mm-yyyy hh24:mi:ss'), 8019, 116);

insert into T_MAM_MEASVALUE_AI (TIME, OBJECT_ID, CV)
values (to_date('11-09-2018', 'dd-mm-yyyy'), 8020, 10);

insert into T_MAM_MEASVALUE_AI (TIME, OBJECT_ID, CV)
values (to_date('11-09-2018 16:00:00', 'dd-mm-yyyy hh24:mi:ss'), 8020, 116);


insert into T_MAM_MEASVALUE_AI (TIME, OBJECT_ID, CV)
values (to_date('11-08-2018 16:00:00', 'dd-mm-yyyy hh24:mi:ss'), 8001, 93.2);

insert into T_MAM_MEASVALUE_AI (TIME, OBJECT_ID, CV)
values (to_date('11-08-2018', 'dd-mm-yyyy'), 8001, 11);

insert into T_MAM_MEASVALUE_AI (TIME, OBJECT_ID, CV)
values (to_date('11-08-2018', 'dd-mm-yyyy'), 8002, 10);

insert into T_MAM_MEASVALUE_AI (TIME, OBJECT_ID, CV)
values (to_date('11-08-2018 16:00:00', 'dd-mm-yyyy hh24:mi:ss'), 8002, 90);

insert into T_MAM_MEASVALUE_AI (TIME, OBJECT_ID, CV)
values (to_date('11-08-2018', 'dd-mm-yyyy'), 8003, 1);

insert into T_MAM_MEASVALUE_AI (TIME, OBJECT_ID, CV)
values (to_date('11-08-2018 16:00:00', 'dd-mm-yyyy hh24:mi:ss'), 8003, 98);

insert into T_MAM_MEASVALUE_AI (TIME, OBJECT_ID, CV)
values (to_date('11-08-2018', 'dd-mm-yyyy'), 8004, 1);

insert into T_MAM_MEASVALUE_AI (TIME, OBJECT_ID, CV)
values (to_date('11-08-2018 16:00:00', 'dd-mm-yyyy hh24:mi:ss'), 8004, 91);

insert into T_MAM_MEASVALUE_AI (TIME, OBJECT_ID, CV)
values (to_date('11-08-2018', 'dd-mm-yyyy'), 8005, 1);

insert into T_MAM_MEASVALUE_AI (TIME, OBJECT_ID, CV)
values (to_date('11-08-2018 16:00:00', 'dd-mm-yyyy hh24:mi:ss'), 8005, 95);

insert into T_MAM_MEASVALUE_AI (TIME, OBJECT_ID, CV)
values (to_date('11-08-2018', 'dd-mm-yyyy'), 8006, 1);

insert into T_MAM_MEASVALUE_AI (TIME, OBJECT_ID, CV)
values (to_date('11-08-2018 16:00:00', 'dd-mm-yyyy hh24:mi:ss'), 8006, 94);

insert into T_MAM_MEASVALUE_AI (TIME, OBJECT_ID, CV)
values (to_date('11-08-2018', 'dd-mm-yyyy'), 8007, 0);

insert into T_MAM_MEASVALUE_AI (TIME, OBJECT_ID, CV)
values (to_date('11-08-2018 16:00:00', 'dd-mm-yyyy hh24:mi:ss'), 8007, 93);

insert into T_MAM_MEASVALUE_AI (TIME, OBJECT_ID, CV)
values (to_date('11-08-2018', 'dd-mm-yyyy'), 8008, 2);

insert into T_MAM_MEASVALUE_AI (TIME, OBJECT_ID, CV)
values (to_date('11-08-2018 16:00:00', 'dd-mm-yyyy hh24:mi:ss'), 8008, 97);

insert into T_MAM_MEASVALUE_AI (TIME, OBJECT_ID, CV)
values (to_date('11-08-2018', 'dd-mm-yyyy'), 8009, 1);

insert into T_MAM_MEASVALUE_AI (TIME, OBJECT_ID, CV)
values (to_date('11-08-2018 16:00:00', 'dd-mm-yyyy hh24:mi:ss'), 8009, 97);

insert into T_MAM_MEASVALUE_AI (TIME, OBJECT_ID, CV)
values (to_date('11-08-2018', 'dd-mm-yyyy'), 8010, 12);

insert into T_MAM_MEASVALUE_AI (TIME, OBJECT_ID, CV)
values (to_date('11-08-2018 16:00:00', 'dd-mm-yyyy hh24:mi:ss'), 8010, 92);

insert into T_MAM_MEASVALUE_AI (TIME, OBJECT_ID, CV)
values (to_date('11-08-2018', 'dd-mm-yyyy'), 8011, 11);

insert into T_MAM_MEASVALUE_AI (TIME, OBJECT_ID, CV)
values (to_date('11-08-2018 16:00:00', 'dd-mm-yyyy hh24:mi:ss'), 8011, 93);

insert into T_MAM_MEASVALUE_AI (TIME, OBJECT_ID, CV)
values (to_date('11-08-2018', 'dd-mm-yyyy'), 8012, 10);

insert into T_MAM_MEASVALUE_AI (TIME, OBJECT_ID, CV)
values (to_date('11-08-2018 16:00:00', 'dd-mm-yyyy hh24:mi:ss'), 8012, 92);

insert into T_MAM_MEASVALUE_AI (TIME, OBJECT_ID, CV)
values (to_date('11-08-2018', 'dd-mm-yyyy'), 8013, 18);

insert into T_MAM_MEASVALUE_AI (TIME, OBJECT_ID, CV)
values (to_date('11-08-2018 16:00:00', 'dd-mm-yyyy hh24:mi:ss'), 8013, 96);

insert into T_MAM_MEASVALUE_AI (TIME, OBJECT_ID, CV)
values (to_date('11-08-2018', 'dd-mm-yyyy'), 8014, 14);

insert into T_MAM_MEASVALUE_AI (TIME, OBJECT_ID, CV)
values (to_date('11-08-2018 16:00:00', 'dd-mm-yyyy hh24:mi:ss'), 8014, 96);

insert into T_MAM_MEASVALUE_AI (TIME, OBJECT_ID, CV)
values (to_date('11-08-2018', 'dd-mm-yyyy'), 8015, 16);

insert into T_MAM_MEASVALUE_AI (TIME, OBJECT_ID, CV)
values (to_date('11-08-2018 16:00:00', 'dd-mm-yyyy hh24:mi:ss'), 8015, 96);

insert into T_MAM_MEASVALUE_AI (TIME, OBJECT_ID, CV)
values (to_date('11-08-2018', 'dd-mm-yyyy'), 8016, 10);

insert into T_MAM_MEASVALUE_AI (TIME, OBJECT_ID, CV)
values (to_date('11-08-2018 16:00:00', 'dd-mm-yyyy hh24:mi:ss'), 8016, 96);

insert into T_MAM_MEASVALUE_AI (TIME, OBJECT_ID, CV)
values (to_date('11-08-2018', 'dd-mm-yyyy'), 8017, 10);

insert into T_MAM_MEASVALUE_AI (TIME, OBJECT_ID, CV)
values (to_date('11-08-2018 16:00:00', 'dd-mm-yyyy hh24:mi:ss'), 8017, 96);

insert into T_MAM_MEASVALUE_AI (TIME, OBJECT_ID, CV)
values (to_date('11-08-2018', 'dd-mm-yyyy'), 8018, 17);

insert into T_MAM_MEASVALUE_AI (TIME, OBJECT_ID, CV)
values (to_date('11-08-2018 16:00:00', 'dd-mm-yyyy hh24:mi:ss'), 8018, 96);

insert into T_MAM_MEASVALUE_AI (TIME, OBJECT_ID, CV)
values (to_date('11-08-2018', 'dd-mm-yyyy'), 8019, 12);

insert into T_MAM_MEASVALUE_AI (TIME, OBJECT_ID, CV)
values (to_date('11-08-2018 16:00:00', 'dd-mm-yyyy hh24:mi:ss'), 8019, 96);

insert into T_MAM_MEASVALUE_AI (TIME, OBJECT_ID, CV)
values (to_date('11-08-2018', 'dd-mm-yyyy'), 8020, 10);

insert into T_MAM_MEASVALUE_AI (TIME, OBJECT_ID, CV)
values (to_date('11-08-2018 16:00:00', 'dd-mm-yyyy hh24:mi:ss'), 8020, 96);


insert into T_MAM_MEASVALUE_AI (TIME, OBJECT_ID, CV)
values (to_date('11-06-2018 16:00:00', 'dd-mm-yyyy hh24:mi:ss'), 8001, 73.2);

insert into T_MAM_MEASVALUE_AI (TIME, OBJECT_ID, CV)
values (to_date('11-06-2018', 'dd-mm-yyyy'), 8001, 11);

insert into T_MAM_MEASVALUE_AI (TIME, OBJECT_ID, CV)
values (to_date('11-06-2018', 'dd-mm-yyyy'), 8002, 10);

insert into T_MAM_MEASVALUE_AI (TIME, OBJECT_ID, CV)
values (to_date('11-06-2018 16:00:00', 'dd-mm-yyyy hh24:mi:ss'), 8002, 70);

insert into T_MAM_MEASVALUE_AI (TIME, OBJECT_ID, CV)
values (to_date('11-06-2018', 'dd-mm-yyyy'), 8003, 1);

insert into T_MAM_MEASVALUE_AI (TIME, OBJECT_ID, CV)
values (to_date('11-06-2018 16:00:00', 'dd-mm-yyyy hh24:mi:ss'), 8003, 78);

insert into T_MAM_MEASVALUE_AI (TIME, OBJECT_ID, CV)
values (to_date('11-06-2018', 'dd-mm-yyyy'), 8004, 1);

insert into T_MAM_MEASVALUE_AI (TIME, OBJECT_ID, CV)
values (to_date('11-06-2018 16:00:00', 'dd-mm-yyyy hh24:mi:ss'), 8004, 71);

insert into T_MAM_MEASVALUE_AI (TIME, OBJECT_ID, CV)
values (to_date('11-06-2018', 'dd-mm-yyyy'), 8005, 1);

insert into T_MAM_MEASVALUE_AI (TIME, OBJECT_ID, CV)
values (to_date('11-06-2018 16:00:00', 'dd-mm-yyyy hh24:mi:ss'), 8005, 75);

insert into T_MAM_MEASVALUE_AI (TIME, OBJECT_ID, CV)
values (to_date('11-06-2018', 'dd-mm-yyyy'), 8006, 1);

insert into T_MAM_MEASVALUE_AI (TIME, OBJECT_ID, CV)
values (to_date('11-06-2018 16:00:00', 'dd-mm-yyyy hh24:mi:ss'), 8006, 74);

insert into T_MAM_MEASVALUE_AI (TIME, OBJECT_ID, CV)
values (to_date('11-06-2018', 'dd-mm-yyyy'), 8007, 0);

insert into T_MAM_MEASVALUE_AI (TIME, OBJECT_ID, CV)
values (to_date('11-06-2018 16:00:00', 'dd-mm-yyyy hh24:mi:ss'), 8007, 73);

insert into T_MAM_MEASVALUE_AI (TIME, OBJECT_ID, CV)
values (to_date('11-06-2018', 'dd-mm-yyyy'), 8008, 2);

insert into T_MAM_MEASVALUE_AI (TIME, OBJECT_ID, CV)
values (to_date('11-06-2018 16:00:00', 'dd-mm-yyyy hh24:mi:ss'), 8008, 77);

insert into T_MAM_MEASVALUE_AI (TIME, OBJECT_ID, CV)
values (to_date('11-06-2018', 'dd-mm-yyyy'), 8009, 1);

insert into T_MAM_MEASVALUE_AI (TIME, OBJECT_ID, CV)
values (to_date('11-06-2018 16:00:00', 'dd-mm-yyyy hh24:mi:ss'), 8009, 77);

insert into T_MAM_MEASVALUE_AI (TIME, OBJECT_ID, CV)
values (to_date('11-06-2018', 'dd-mm-yyyy'), 8010, 12);

insert into T_MAM_MEASVALUE_AI (TIME, OBJECT_ID, CV)
values (to_date('11-06-2018 16:00:00', 'dd-mm-yyyy hh24:mi:ss'), 8010, 72);

insert into T_MAM_MEASVALUE_AI (TIME, OBJECT_ID, CV)
values (to_date('11-06-2018', 'dd-mm-yyyy'), 8011, 11);

insert into T_MAM_MEASVALUE_AI (TIME, OBJECT_ID, CV)
values (to_date('11-06-2018 16:00:00', 'dd-mm-yyyy hh24:mi:ss'), 8011, 73);

insert into T_MAM_MEASVALUE_AI (TIME, OBJECT_ID, CV)
values (to_date('11-06-2018', 'dd-mm-yyyy'), 8012, 10);

insert into T_MAM_MEASVALUE_AI (TIME, OBJECT_ID, CV)
values (to_date('11-06-2018 16:00:00', 'dd-mm-yyyy hh24:mi:ss'), 8012, 72);

insert into T_MAM_MEASVALUE_AI (TIME, OBJECT_ID, CV)
values (to_date('11-06-2018', 'dd-mm-yyyy'), 8013, 18);

insert into T_MAM_MEASVALUE_AI (TIME, OBJECT_ID, CV)
values (to_date('11-06-2018 16:00:00', 'dd-mm-yyyy hh24:mi:ss'), 8013, 76);

insert into T_MAM_MEASVALUE_AI (TIME, OBJECT_ID, CV)
values (to_date('11-06-2018', 'dd-mm-yyyy'), 8014, 14);

insert into T_MAM_MEASVALUE_AI (TIME, OBJECT_ID, CV)
values (to_date('11-06-2018 16:00:00', 'dd-mm-yyyy hh24:mi:ss'), 8014, 76);

insert into T_MAM_MEASVALUE_AI (TIME, OBJECT_ID, CV)
values (to_date('11-06-2018', 'dd-mm-yyyy'), 8015, 16);

insert into T_MAM_MEASVALUE_AI (TIME, OBJECT_ID, CV)
values (to_date('11-06-2018 16:00:00', 'dd-mm-yyyy hh24:mi:ss'), 8015, 76);

insert into T_MAM_MEASVALUE_AI (TIME, OBJECT_ID, CV)
values (to_date('11-06-2018', 'dd-mm-yyyy'), 8016, 10);

insert into T_MAM_MEASVALUE_AI (TIME, OBJECT_ID, CV)
values (to_date('11-06-2018 16:00:00', 'dd-mm-yyyy hh24:mi:ss'), 8016, 76);

insert into T_MAM_MEASVALUE_AI (TIME, OBJECT_ID, CV)
values (to_date('11-06-2018', 'dd-mm-yyyy'), 8017, 10);

insert into T_MAM_MEASVALUE_AI (TIME, OBJECT_ID, CV)
values (to_date('11-06-2018 16:00:00', 'dd-mm-yyyy hh24:mi:ss'), 8017, 76);

insert into T_MAM_MEASVALUE_AI (TIME, OBJECT_ID, CV)
values (to_date('11-06-2018', 'dd-mm-yyyy'), 8018, 17);

insert into T_MAM_MEASVALUE_AI (TIME, OBJECT_ID, CV)
values (to_date('11-06-2018 16:00:00', 'dd-mm-yyyy hh24:mi:ss'), 8018, 76);

insert into T_MAM_MEASVALUE_AI (TIME, OBJECT_ID, CV)
values (to_date('11-06-2018', 'dd-mm-yyyy'), 8019, 12);

insert into T_MAM_MEASVALUE_AI (TIME, OBJECT_ID, CV)
values (to_date('11-06-2018 16:00:00', 'dd-mm-yyyy hh24:mi:ss'), 8019, 76);

insert into T_MAM_MEASVALUE_AI (TIME, OBJECT_ID, CV)
values (to_date('11-06-2018', 'dd-mm-yyyy'), 8020, 10);

insert into T_MAM_MEASVALUE_AI (TIME, OBJECT_ID, CV)
values (to_date('11-06-2018 16:00:00', 'dd-mm-yyyy hh24:mi:ss'), 8020, 76);

insert into T_MAM_MEASVALUE_AI (TIME, OBJECT_ID, CV)
values (to_date('11-01-2018 16:00:00', 'dd-mm-yyyy hh24:mi:ss'), 8001, 53.2);

insert into T_MAM_MEASVALUE_AI (TIME, OBJECT_ID, CV)
values (to_date('11-01-2018', 'dd-mm-yyyy'), 8001, 3);

insert into T_MAM_MEASVALUE_AI (TIME, OBJECT_ID, CV)
values (to_date('11-01-2018', 'dd-mm-yyyy'), 8002, 0);

insert into T_MAM_MEASVALUE_AI (TIME, OBJECT_ID, CV)
values (to_date('11-01-2018 16:00:00', 'dd-mm-yyyy hh24:mi:ss'), 8002, 50);

insert into T_MAM_MEASVALUE_AI (TIME, OBJECT_ID, CV)
values (to_date('11-01-2018', 'dd-mm-yyyy'), 8003, 1);

insert into T_MAM_MEASVALUE_AI (TIME, OBJECT_ID, CV)
values (to_date('11-01-2018 16:00:00', 'dd-mm-yyyy hh24:mi:ss'), 8003, 58);

insert into T_MAM_MEASVALUE_AI (TIME, OBJECT_ID, CV)
values (to_date('11-01-2018', 'dd-mm-yyyy'), 8004, 1);

insert into T_MAM_MEASVALUE_AI (TIME, OBJECT_ID, CV)
values (to_date('11-01-2018 16:00:00', 'dd-mm-yyyy hh24:mi:ss'), 8004, 51);

insert into T_MAM_MEASVALUE_AI (TIME, OBJECT_ID, CV)
values (to_date('11-01-2018', 'dd-mm-yyyy'), 8005, 1);

insert into T_MAM_MEASVALUE_AI (TIME, OBJECT_ID, CV)
values (to_date('11-01-2018 16:00:00', 'dd-mm-yyyy hh24:mi:ss'), 8005, 55);

insert into T_MAM_MEASVALUE_AI (TIME, OBJECT_ID, CV)
values (to_date('11-01-2018', 'dd-mm-yyyy'), 8006, 1);

insert into T_MAM_MEASVALUE_AI (TIME, OBJECT_ID, CV)
values (to_date('11-01-2018 16:00:00', 'dd-mm-yyyy hh24:mi:ss'), 8006, 54);

insert into T_MAM_MEASVALUE_AI (TIME, OBJECT_ID, CV)
values (to_date('11-01-2018', 'dd-mm-yyyy'), 8007, 0);

insert into T_MAM_MEASVALUE_AI (TIME, OBJECT_ID, CV)
values (to_date('11-01-2018 16:00:00', 'dd-mm-yyyy hh24:mi:ss'), 8007, 53);

insert into T_MAM_MEASVALUE_AI (TIME, OBJECT_ID, CV)
values (to_date('11-01-2018', 'dd-mm-yyyy'), 8008, 2);

insert into T_MAM_MEASVALUE_AI (TIME, OBJECT_ID, CV)
values (to_date('11-01-2018 16:00:00', 'dd-mm-yyyy hh24:mi:ss'), 8008, 57);

insert into T_MAM_MEASVALUE_AI (TIME, OBJECT_ID, CV)
values (to_date('11-01-2018', 'dd-mm-yyyy'), 8009, 1);

insert into T_MAM_MEASVALUE_AI (TIME, OBJECT_ID, CV)
values (to_date('11-01-2018 16:00:00', 'dd-mm-yyyy hh24:mi:ss'), 8009, 57);

insert into T_MAM_MEASVALUE_AI (TIME, OBJECT_ID, CV)
values (to_date('11-01-2018', 'dd-mm-yyyy'), 8010, 12);

insert into T_MAM_MEASVALUE_AI (TIME, OBJECT_ID, CV)
values (to_date('11-01-2018 16:00:00', 'dd-mm-yyyy hh24:mi:ss'), 8010, 52);

insert into T_MAM_MEASVALUE_AI (TIME, OBJECT_ID, CV)
values (to_date('11-01-2018', 'dd-mm-yyyy'), 8011, 11);

insert into T_MAM_MEASVALUE_AI (TIME, OBJECT_ID, CV)
values (to_date('11-01-2018 16:00:00', 'dd-mm-yyyy hh24:mi:ss'), 8011, 53);

insert into T_MAM_MEASVALUE_AI (TIME, OBJECT_ID, CV)
values (to_date('11-01-2018', 'dd-mm-yyyy'), 8012, 10);

insert into T_MAM_MEASVALUE_AI (TIME, OBJECT_ID, CV)
values (to_date('11-01-2018 16:00:00', 'dd-mm-yyyy hh24:mi:ss'), 8012, 52);

insert into T_MAM_MEASVALUE_AI (TIME, OBJECT_ID, CV)
values (to_date('11-01-2018', 'dd-mm-yyyy'), 8013, 18);

insert into T_MAM_MEASVALUE_AI (TIME, OBJECT_ID, CV)
values (to_date('11-01-2018 16:00:00', 'dd-mm-yyyy hh24:mi:ss'), 8013, 56);

insert into T_MAM_MEASVALUE_AI (TIME, OBJECT_ID, CV)
values (to_date('11-01-2018', 'dd-mm-yyyy'), 8014, 14);

insert into T_MAM_MEASVALUE_AI (TIME, OBJECT_ID, CV)
values (to_date('11-01-2018 16:00:00', 'dd-mm-yyyy hh24:mi:ss'), 8014, 56);

insert into T_MAM_MEASVALUE_AI (TIME, OBJECT_ID, CV)
values (to_date('11-01-2018', 'dd-mm-yyyy'), 8015, 16);

insert into T_MAM_MEASVALUE_AI (TIME, OBJECT_ID, CV)
values (to_date('11-01-2018 16:00:00', 'dd-mm-yyyy hh24:mi:ss'), 8015, 56);

insert into T_MAM_MEASVALUE_AI (TIME, OBJECT_ID, CV)
values (to_date('11-01-2018', 'dd-mm-yyyy'), 8016, 13);

insert into T_MAM_MEASVALUE_AI (TIME, OBJECT_ID, CV)
values (to_date('11-01-2018 16:00:00', 'dd-mm-yyyy hh24:mi:ss'), 8016, 56);

insert into T_MAM_MEASVALUE_AI (TIME, OBJECT_ID, CV)
values (to_date('11-01-2018', 'dd-mm-yyyy'), 8017, 11);

insert into T_MAM_MEASVALUE_AI (TIME, OBJECT_ID, CV)
values (to_date('11-01-2018 16:00:00', 'dd-mm-yyyy hh24:mi:ss'), 8017, 56);

insert into T_MAM_MEASVALUE_AI (TIME, OBJECT_ID, CV)
values (to_date('11-01-2018', 'dd-mm-yyyy'), 8018, 17);

insert into T_MAM_MEASVALUE_AI (TIME, OBJECT_ID, CV)
values (to_date('11-01-2018 16:00:00', 'dd-mm-yyyy hh24:mi:ss'), 8018, 56);

insert into T_MAM_MEASVALUE_AI (TIME, OBJECT_ID, CV)
values (to_date('11-01-2018', 'dd-mm-yyyy'), 8019, 12);

insert into T_MAM_MEASVALUE_AI (TIME, OBJECT_ID, CV)
values (to_date('11-01-2018 16:00:00', 'dd-mm-yyyy hh24:mi:ss'), 8019, 56);

insert into T_MAM_MEASVALUE_AI (TIME, OBJECT_ID, CV)
values (to_date('11-01-2018', 'dd-mm-yyyy'), 8020, 10);

insert into T_MAM_MEASVALUE_AI (TIME, OBJECT_ID, CV)
values (to_date('11-01-2018 16:00:00', 'dd-mm-yyyy hh24:mi:ss'), 8020, 56);
commit;

--maxview配置表
insert into T_MAM_MAXVIEW_CONFIG (ID, NAME, IP, PORT, USERNAME, PASSWORD, CRT_TIME)
values (1, '终端1', '192.168.6.14', '80', 'admin', '14e24dc8cf60446f56eb163a7b85bce8a53d3f766badf15e86a1af857d9a9012', to_date('15-11-2018', 'dd-mm-yyyy'));
commit;
