
---------------------------------------------  º‡øÿ÷––ƒœ‡ª˙  -----------------------------------------------------------

insert into t_mam_measobj (ID, TUNNEL_ID, STORE_ID, AREA_ID, SECTION_ID, NAME, DATATYPE_ID, OBJTYPE_ID, ACTIVED, DESCRIPTION, LONGITUDE, LATITUDE, HEIGHT, DEVIATION)
values (7001, 1, 1001, 1012, 1011, '∫ÏÕ‚…„œÒ“«1', 7, 7, 1, null, '', '', '', 0);

insert into t_mam_measobj (ID, TUNNEL_ID, STORE_ID, AREA_ID, SECTION_ID, NAME, DATATYPE_ID, OBJTYPE_ID, ACTIVED, DESCRIPTION, LONGITUDE, LATITUDE, HEIGHT, DEVIATION)
values (7002, 1, 1001, 1012, 1011, '∫ÏÕ‚…„œÒ“«2', 7, 7, 1, null, '', '', '', 0);

insert into t_mam_measobj (ID, TUNNEL_ID, STORE_ID, AREA_ID, SECTION_ID, NAME, DATATYPE_ID, OBJTYPE_ID, ACTIVED, DESCRIPTION, LONGITUDE, LATITUDE, HEIGHT, DEVIATION)
values (7003, 1, 1006, 1012, 1101, '∫ÏÕ‚…„œÒ“«3', 7, 7, 1, null, '', '', '', 0);

insert into t_mam_measobj (ID, TUNNEL_ID, STORE_ID, AREA_ID, SECTION_ID, NAME, DATATYPE_ID, OBJTYPE_ID, ACTIVED, DESCRIPTION, LONGITUDE, LATITUDE, HEIGHT, DEVIATION)
values (7004, 1, 1006, 1012, 1101, '∫ÏÕ‚…„œÒ“«4', 7, 7, 1, null, '', '', '', 0);

commit;

----------------------------------------------  π‹¿»ƒ⁄’Ê µœ‡ª˙  --------------------------------------------------------


insert into t_mam_measobj (ID, TUNNEL_ID, STORE_ID, AREA_ID, SECTION_ID, NAME, DATATYPE_ID, OBJTYPE_ID, ACTIVED, DESCRIPTION, LONGITUDE, LATITUDE, HEIGHT, DEVIATION)
values (700151, 1, 1014, 1012, 1245, '∫ÏÕ‚…„œÒ“«151', 7, 7, 1, null, '', '', '', 0);

insert into t_mam_measobj (ID, TUNNEL_ID, STORE_ID, AREA_ID, SECTION_ID, NAME, DATATYPE_ID, OBJTYPE_ID, ACTIVED, DESCRIPTION, LONGITUDE, LATITUDE, HEIGHT, DEVIATION)
values (700152, 1, 1014, 1012, 1245, '∫ÏÕ‚…„œÒ“«152', 7, 7, 1, null, '', '', '', 0);

insert into t_mam_measobj (ID, TUNNEL_ID, STORE_ID, AREA_ID, SECTION_ID, NAME, DATATYPE_ID, OBJTYPE_ID, ACTIVED, DESCRIPTION, LONGITUDE, LATITUDE, HEIGHT, DEVIATION)
values (700153, 1, 1014, 1012, 1245, '∫ÏÕ‚…„œÒ“«153', 7, 7, 1, null, '', '', '', 0);

insert into t_mam_measobj (ID, TUNNEL_ID, STORE_ID, AREA_ID, SECTION_ID, NAME, DATATYPE_ID, OBJTYPE_ID, ACTIVED, DESCRIPTION, LONGITUDE, LATITUDE, HEIGHT, DEVIATION)
values (700154, 1, 1014, 1012, 1245, '∫ÏÕ‚…„œÒ“«154', 7, 7, 1, null, '', '', '', 0);

insert into t_mam_measobj (ID, TUNNEL_ID, STORE_ID, AREA_ID, SECTION_ID, NAME, DATATYPE_ID, OBJTYPE_ID, ACTIVED, DESCRIPTION, LONGITUDE, LATITUDE, HEIGHT, DEVIATION)
values (700155, 1, 1014, 1012, 1245, '∫ÏÕ‚…„œÒ“«155', 7, 7, 1, null, '', '', '', 0);

insert into t_mam_measobj (ID, TUNNEL_ID, STORE_ID, AREA_ID, SECTION_ID, NAME, DATATYPE_ID, OBJTYPE_ID, ACTIVED, DESCRIPTION, LONGITUDE, LATITUDE, HEIGHT, DEVIATION)
values (700156, 1, 1014, 1012, 1245, '∫ÏÕ‚…„œÒ“«156', 7, 7, 1, null, '', '', '', 0);

insert into t_mam_measobj (ID, TUNNEL_ID, STORE_ID, AREA_ID, SECTION_ID, NAME, DATATYPE_ID, OBJTYPE_ID, ACTIVED, DESCRIPTION, LONGITUDE, LATITUDE, HEIGHT, DEVIATION)
values (700158, 1, 1014, 1012, 1245, '∫ÏÕ‚…„œÒ“«158', 7, 7, 1, null, '', '', '', 0);

insert into t_mam_measobj (ID, TUNNEL_ID, STORE_ID, AREA_ID, SECTION_ID, NAME, DATATYPE_ID, OBJTYPE_ID, ACTIVED, DESCRIPTION, LONGITUDE, LATITUDE, HEIGHT, DEVIATION)
values (700201, 1, 1014, 1012, 1245, '∫ÏÕ‚…„œÒ“«201', 7, 7, 1, null, '', '', '', 0);

insert into t_mam_measobj (ID, TUNNEL_ID, STORE_ID, AREA_ID, SECTION_ID, NAME, DATATYPE_ID, OBJTYPE_ID, ACTIVED, DESCRIPTION, LONGITUDE, LATITUDE, HEIGHT, DEVIATION)
values (700202, 1, 1014, 1012, 1245, '∫ÏÕ‚…„œÒ“«202', 7, 7, 1, null, '', '', '', 0);

insert into t_mam_measobj (ID, TUNNEL_ID, STORE_ID, AREA_ID, SECTION_ID, NAME, DATATYPE_ID, OBJTYPE_ID, ACTIVED, DESCRIPTION, LONGITUDE, LATITUDE, HEIGHT, DEVIATION)
values (700203, 1, 1014, 1012, 1245, '∫ÏÕ‚…„œÒ“«203', 7, 7, 1, null, '', '', '', 0);

insert into t_mam_measobj (ID, TUNNEL_ID, STORE_ID, AREA_ID, SECTION_ID, NAME, DATATYPE_ID, OBJTYPE_ID, ACTIVED, DESCRIPTION, LONGITUDE, LATITUDE, HEIGHT, DEVIATION)
values (700204, 1, 1014, 1012, 1245, '∫ÏÕ‚…„œÒ“«204', 7, 7, 1, null, '', '', '', 0);

insert into t_mam_measobj (ID, TUNNEL_ID, STORE_ID, AREA_ID, SECTION_ID, NAME, DATATYPE_ID, OBJTYPE_ID, ACTIVED, DESCRIPTION, LONGITUDE, LATITUDE, HEIGHT, DEVIATION)
values (700205, 1, 1014, 1012, 1245, '∫ÏÕ‚…„œÒ“«205', 7, 7, 1, null, '', '', '', 0);

insert into t_mam_measobj (ID, TUNNEL_ID, STORE_ID, AREA_ID, SECTION_ID, NAME, DATATYPE_ID, OBJTYPE_ID, ACTIVED, DESCRIPTION, LONGITUDE, LATITUDE, HEIGHT, DEVIATION)
values (700206, 1, 1014, 1012, 1245, '∫ÏÕ‚…„œÒ“«206', 7, 7, 1, null, '', '', '', 0);

insert into t_mam_measobj (ID, TUNNEL_ID, STORE_ID, AREA_ID, SECTION_ID, NAME, DATATYPE_ID, OBJTYPE_ID, ACTIVED, DESCRIPTION, LONGITUDE, LATITUDE, HEIGHT, DEVIATION)
values (700207, 1, 1014, 1012, 1245, '∫ÏÕ‚…„œÒ“«207', 7, 7, 1, null, '', '', '', 0);

insert into t_mam_measobj (ID, TUNNEL_ID, STORE_ID, AREA_ID, SECTION_ID, NAME, DATATYPE_ID, OBJTYPE_ID, ACTIVED, DESCRIPTION, LONGITUDE, LATITUDE, HEIGHT, DEVIATION)
values (700208, 1, 1014, 1012, 1245, '∫ÏÕ‚…„œÒ“«208', 7, 7, 1, null, '', '', '', 0);

insert into t_mam_measobj (ID, TUNNEL_ID, STORE_ID, AREA_ID, SECTION_ID, NAME, DATATYPE_ID, OBJTYPE_ID, ACTIVED, DESCRIPTION, LONGITUDE, LATITUDE, HEIGHT, DEVIATION)
values (700209, 1, 1014, 1012, 1245, '∫ÏÕ‚…„œÒ“«209', 7, 7, 1, null, '', '', '', 0);

insert into t_mam_measobj (ID, TUNNEL_ID, STORE_ID, AREA_ID, SECTION_ID, NAME, DATATYPE_ID, OBJTYPE_ID, ACTIVED, DESCRIPTION, LONGITUDE, LATITUDE, HEIGHT, DEVIATION)
values (700210, 1, 1014, 1012, 1245, '∫ÏÕ‚…„œÒ“«210', 7, 7, 1, null, '', '', '', 0);

insert into t_mam_measobj (ID, TUNNEL_ID, STORE_ID, AREA_ID, SECTION_ID, NAME, DATATYPE_ID, OBJTYPE_ID, ACTIVED, DESCRIPTION, LONGITUDE, LATITUDE, HEIGHT, DEVIATION)
values (700211, 1, 1014, 1012, 1245, '∫ÏÕ‚…„œÒ“«211', 7, 7, 1, null, '', '', '', 0);

insert into t_mam_measobj (ID, TUNNEL_ID, STORE_ID, AREA_ID, SECTION_ID, NAME, DATATYPE_ID, OBJTYPE_ID, ACTIVED, DESCRIPTION, LONGITUDE, LATITUDE, HEIGHT, DEVIATION)
values (700212, 1, 1014, 1012, 1245, '∫ÏÕ‚…„œÒ“«212', 7, 7, 1, null, '', '', '', 0);

insert into t_mam_measobj (ID, TUNNEL_ID, STORE_ID, AREA_ID, SECTION_ID, NAME, DATATYPE_ID, OBJTYPE_ID, ACTIVED, DESCRIPTION, LONGITUDE, LATITUDE, HEIGHT, DEVIATION)
values (700213, 1, 1014, 1012, 1245, '∫ÏÕ‚…„œÒ“«213', 7, 7, 1, null, '', '', '', 0);

insert into t_mam_measobj (ID, TUNNEL_ID, STORE_ID, AREA_ID, SECTION_ID, NAME, DATATYPE_ID, OBJTYPE_ID, ACTIVED, DESCRIPTION, LONGITUDE, LATITUDE, HEIGHT, DEVIATION)
values (700214, 1, 1014, 1012, 1245, '∫ÏÕ‚…„œÒ“«214', 7, 7, 1, null, '', '', '', 0);

insert into t_mam_measobj (ID, TUNNEL_ID, STORE_ID, AREA_ID, SECTION_ID, NAME, DATATYPE_ID, OBJTYPE_ID, ACTIVED, DESCRIPTION, LONGITUDE, LATITUDE, HEIGHT, DEVIATION)
values (700215, 1, 1014, 1012, 1245, '∫ÏÕ‚…„œÒ“«215', 7, 7, 1, null, '', '', '', 0);

insert into t_mam_measobj (ID, TUNNEL_ID, STORE_ID, AREA_ID, SECTION_ID, NAME, DATATYPE_ID, OBJTYPE_ID, ACTIVED, DESCRIPTION, LONGITUDE, LATITUDE, HEIGHT, DEVIATION)
values (700220, 1, 1014, 1012, 1245, '∫ÏÕ‚…„œÒ“«220', 7, 7, 1, null, '', '', '', 0);

insert into t_mam_measobj (ID, TUNNEL_ID, STORE_ID, AREA_ID, SECTION_ID, NAME, DATATYPE_ID, OBJTYPE_ID, ACTIVED, DESCRIPTION, LONGITUDE, LATITUDE, HEIGHT, DEVIATION)
values (700221, 1, 1014, 1012, 1245, '∫ÏÕ‚…„œÒ“«221', 7, 7, 1, null, '', '', '', 0);

insert into t_mam_measobj (ID, TUNNEL_ID, STORE_ID, AREA_ID, SECTION_ID, NAME, DATATYPE_ID, OBJTYPE_ID, ACTIVED, DESCRIPTION, LONGITUDE, LATITUDE, HEIGHT, DEVIATION)
values (700222, 1, 1014, 1012, 1245, '∫ÏÕ‚…„œÒ“«222', 7, 7, 1, null, '', '', '', 0);

insert into t_mam_measobj (ID, TUNNEL_ID, STORE_ID, AREA_ID, SECTION_ID, NAME, DATATYPE_ID, OBJTYPE_ID, ACTIVED, DESCRIPTION, LONGITUDE, LATITUDE, HEIGHT, DEVIATION)
values (700223, 1, 1014, 1012, 1245, '∫ÏÕ‚…„œÒ“«223', 7, 7, 1, null, '', '', '', 0);

insert into t_mam_measobj (ID, TUNNEL_ID, STORE_ID, AREA_ID, SECTION_ID, NAME, DATATYPE_ID, OBJTYPE_ID, ACTIVED, DESCRIPTION, LONGITUDE, LATITUDE, HEIGHT, DEVIATION)
values (700224, 1, 1014, 1012, 1245, '∫ÏÕ‚…„œÒ“«224', 7, 7, 1, null, '', '', '', 0);

insert into t_mam_measobj (ID, TUNNEL_ID, STORE_ID, AREA_ID, SECTION_ID, NAME, DATATYPE_ID, OBJTYPE_ID, ACTIVED, DESCRIPTION, LONGITUDE, LATITUDE, HEIGHT, DEVIATION)
values (700225, 1, 1014, 1012, 1245, '∫ÏÕ‚…„œÒ“«225', 7, 7, 1, null, '', '', '', 0);

insert into t_mam_measobj (ID, TUNNEL_ID, STORE_ID, AREA_ID, SECTION_ID, NAME, DATATYPE_ID, OBJTYPE_ID, ACTIVED, DESCRIPTION, LONGITUDE, LATITUDE, HEIGHT, DEVIATION)
values (700226, 1, 1014, 1012, 1245, '∫ÏÕ‚…„œÒ“«226', 7, 7, 1, null, '', '', '', 0);

insert into t_mam_measobj (ID, TUNNEL_ID, STORE_ID, AREA_ID, SECTION_ID, NAME, DATATYPE_ID, OBJTYPE_ID, ACTIVED, DESCRIPTION, LONGITUDE, LATITUDE, HEIGHT, DEVIATION)
values (700227, 1, 1014, 1012, 1245, '∫ÏÕ‚…„œÒ“«227', 7, 7, 1, null, '', '', '', 0);

insert into t_mam_measobj (ID, TUNNEL_ID, STORE_ID, AREA_ID, SECTION_ID, NAME, DATATYPE_ID, OBJTYPE_ID, ACTIVED, DESCRIPTION, LONGITUDE, LATITUDE, HEIGHT, DEVIATION)
values (700228, 1, 1014, 1012, 1245, '∫ÏÕ‚…„œÒ“«228', 7, 7, 1, null, '', '', '', 0);

insert into t_mam_measobj (ID, TUNNEL_ID, STORE_ID, AREA_ID, SECTION_ID, NAME, DATATYPE_ID, OBJTYPE_ID, ACTIVED, DESCRIPTION, LONGITUDE, LATITUDE, HEIGHT, DEVIATION)
values (700229, 1, 1014, 1012, 1245, '∫ÏÕ‚…„œÒ“«229', 7, 7, 1, null, '', '', '', 0);

insert into t_mam_measobj (ID, TUNNEL_ID, STORE_ID, AREA_ID, SECTION_ID, NAME, DATATYPE_ID, OBJTYPE_ID, ACTIVED, DESCRIPTION, LONGITUDE, LATITUDE, HEIGHT, DEVIATION)
values (700230, 1, 1014, 1012, 1245, '∫ÏÕ‚…„œÒ“«230', 7, 7, 1, null, '', '', '', 0);

insert into t_mam_measobj (ID, TUNNEL_ID, STORE_ID, AREA_ID, SECTION_ID, NAME, DATATYPE_ID, OBJTYPE_ID, ACTIVED, DESCRIPTION, LONGITUDE, LATITUDE, HEIGHT, DEVIATION)
values (700231, 1, 1014, 1012, 1245, '∫ÏÕ‚…„œÒ“«231', 7, 7, 1, null, '', '', '', 0);

commit;


--video
--t_mam_video
------------------------------------------------------------------------

insert into t_mam_video (ID, SERVER_ID, VIDEO_SCENE_ID, VIDEO_Extend_SCENE_ID, CHANNEL_NO)
values (7001, 1, 1, 0, 1);

insert into t_mam_video (ID, SERVER_ID, VIDEO_SCENE_ID, VIDEO_Extend_SCENE_ID, CHANNEL_NO)
values (7002, 1, 1, 0, 2);

insert into t_mam_video (ID, SERVER_ID, VIDEO_SCENE_ID, VIDEO_Extend_SCENE_ID, CHANNEL_NO)
values (7003, 1, 1, 0, 3);

insert into t_mam_video (ID, SERVER_ID, VIDEO_SCENE_ID, VIDEO_Extend_SCENE_ID, CHANNEL_NO)
values (7004, 1, 1, 0, 4);

--------------------------------------π‹¿»ƒ⁄œ‡ª˙ ------------------------------------
----------------------∂ÓÕ‚1
insert into t_mam_video (ID, SERVER_ID, VIDEO_SCENE_ID, VIDEO_Extend_SCENE_ID, CHANNEL_NO)
values (700151, 1, 0, 1, 1);

insert into t_mam_video (ID, SERVER_ID, VIDEO_SCENE_ID, VIDEO_Extend_SCENE_ID, CHANNEL_NO)
values (700152, 1, 0, 1, 2);

insert into t_mam_video (ID, SERVER_ID, VIDEO_SCENE_ID, VIDEO_Extend_SCENE_ID, CHANNEL_NO)
values (700153, 1, 0, 1, 3);

insert into t_mam_video (ID, SERVER_ID, VIDEO_SCENE_ID, VIDEO_Extend_SCENE_ID, CHANNEL_NO)
values (700154, 1, 0, 1, 4);

insert into t_mam_video (ID, SERVER_ID, VIDEO_SCENE_ID, VIDEO_Extend_SCENE_ID, CHANNEL_NO)
values (700155, 1, 0, 1, 5);

insert into t_mam_video (ID, SERVER_ID, VIDEO_SCENE_ID, VIDEO_Extend_SCENE_ID, CHANNEL_NO)
values (700156, 1, 0, 1, 6);

insert into t_mam_video (ID, SERVER_ID, VIDEO_SCENE_ID, VIDEO_Extend_SCENE_ID, CHANNEL_NO)
values (700158, 1, 0, 1, 7);

insert into t_mam_video (ID, SERVER_ID, VIDEO_SCENE_ID, VIDEO_Extend_SCENE_ID, CHANNEL_NO)
values (700201, 1, 0, 1, 8);

insert into t_mam_video (ID, SERVER_ID, VIDEO_SCENE_ID, VIDEO_Extend_SCENE_ID, CHANNEL_NO)
values (700202, 1, 0, 1, 9);

insert into t_mam_video (ID, SERVER_ID, VIDEO_SCENE_ID, VIDEO_Extend_SCENE_ID, CHANNEL_NO)
values (700203, 1, 0, 1, 10);

insert into t_mam_video (ID, SERVER_ID, VIDEO_SCENE_ID, VIDEO_Extend_SCENE_ID, CHANNEL_NO)
values (700204, 1, 0, 1, 11);

insert into t_mam_video (ID, SERVER_ID, VIDEO_SCENE_ID, VIDEO_Extend_SCENE_ID, CHANNEL_NO)
values (700205, 1, 0, 1, 12);

--------∂ÓÕ‚2

insert into t_mam_video (ID, SERVER_ID, VIDEO_SCENE_ID, VIDEO_Extend_SCENE_ID, CHANNEL_NO)
values (700206, 1, 0, 2, 13);

insert into t_mam_video (ID, SERVER_ID, VIDEO_SCENE_ID, VIDEO_Extend_SCENE_ID, CHANNEL_NO)
values (700207, 1, 0, 2, 14);

insert into t_mam_video (ID, SERVER_ID, VIDEO_SCENE_ID, VIDEO_Extend_SCENE_ID, CHANNEL_NO)
values (700208, 1, 0, 2, 15);

insert into t_mam_video (ID, SERVER_ID, VIDEO_SCENE_ID, VIDEO_Extend_SCENE_ID, CHANNEL_NO)
values (700209, 1, 0, 2, 16);

insert into t_mam_video (ID, SERVER_ID, VIDEO_SCENE_ID, VIDEO_Extend_SCENE_ID, CHANNEL_NO)
values (700210, 1, 0, 2, 17);

insert into t_mam_video (ID, SERVER_ID, VIDEO_SCENE_ID, VIDEO_Extend_SCENE_ID, CHANNEL_NO)
values (700211, 1, 0, 2, 18);

insert into t_mam_video (ID, SERVER_ID, VIDEO_SCENE_ID, VIDEO_Extend_SCENE_ID, CHANNEL_NO)
values (700212, 1, 0, 2, 19);

insert into t_mam_video (ID, SERVER_ID, VIDEO_SCENE_ID, VIDEO_Extend_SCENE_ID, CHANNEL_NO)
values (700213, 1, 0, 2, 20);

insert into t_mam_video (ID, SERVER_ID, VIDEO_SCENE_ID, VIDEO_Extend_SCENE_ID, CHANNEL_NO)
values (700214, 1, 0, 2, 21);

insert into t_mam_video (ID, SERVER_ID, VIDEO_SCENE_ID, VIDEO_Extend_SCENE_ID, CHANNEL_NO)
values (700215, 1, 0, 2, 22);

insert into t_mam_video (ID, SERVER_ID, VIDEO_SCENE_ID, VIDEO_Extend_SCENE_ID, CHANNEL_NO)
values (700220, 1, 0, 2, 23);

insert into t_mam_video (ID, SERVER_ID, VIDEO_SCENE_ID, VIDEO_Extend_SCENE_ID, CHANNEL_NO)
values (700221, 1, 0, 2, 24);

--------∂ÓÕ‚3

insert into t_mam_video (ID, SERVER_ID, VIDEO_SCENE_ID, VIDEO_Extend_SCENE_ID, CHANNEL_NO)
values (700222, 1, 0, 3, 25);

insert into t_mam_video (ID, SERVER_ID, VIDEO_SCENE_ID, VIDEO_Extend_SCENE_ID, CHANNEL_NO)
values (700223, 1, 0, 3, 26);

insert into t_mam_video (ID, SERVER_ID, VIDEO_SCENE_ID, VIDEO_Extend_SCENE_ID, CHANNEL_NO)
values (700224, 1, 0, 3, 27);

insert into t_mam_video (ID, SERVER_ID, VIDEO_SCENE_ID, VIDEO_Extend_SCENE_ID, CHANNEL_NO)
values (700225, 1, 0, 3, 28);

insert into t_mam_video (ID, SERVER_ID, VIDEO_SCENE_ID, VIDEO_Extend_SCENE_ID, CHANNEL_NO)
values (700226, 1, 0, 3, 29);

insert into t_mam_video (ID, SERVER_ID, VIDEO_SCENE_ID, VIDEO_Extend_SCENE_ID, CHANNEL_NO)
values (700227, 1, 0, 3, 30);

insert into t_mam_video (ID, SERVER_ID, VIDEO_SCENE_ID, VIDEO_Extend_SCENE_ID, CHANNEL_NO)
values (700228, 1, 0, 3, 31);

insert into t_mam_video (ID, SERVER_ID, VIDEO_SCENE_ID, VIDEO_Extend_SCENE_ID, CHANNEL_NO)
values (700229, 1, 0, 3, 32);

insert into t_mam_video (ID, SERVER_ID, VIDEO_SCENE_ID, VIDEO_Extend_SCENE_ID, CHANNEL_NO)
values (700230, 1, 0, 3, 33);

insert into t_mam_video (ID, SERVER_ID, VIDEO_SCENE_ID, VIDEO_Extend_SCENE_ID, CHANNEL_NO)
values (700231, 1, 0, 3, 34);

commit;

--T_MAM_VIDEO_SCENE
insert into T_MAM_VIDEO_SCENE (ID, NAME, TUNNEL_ID, IS_LOOP, LOOP_INDEX)
values (1, '≥°æ∞0', 1, 1, 1);


--T_MAM_VIDEO_Extend_SCENE
insert into T_MAM_VIDEO_Extend_SCENE (ID, NAME, TUNNEL_ID, IS_LOOP, LOOP_INDEX)
values (1, '∏Ωº”≥°æ∞1', 1, 1, 1);

insert into T_MAM_VIDEO_Extend_SCENE (ID, NAME, TUNNEL_ID, IS_LOOP, LOOP_INDEX)
values (2, '∏Ωº”≥°æ∞2', 1, 1, 2);

insert into T_MAM_VIDEO_Extend_SCENE (ID, NAME, TUNNEL_ID, IS_LOOP, LOOP_INDEX)
values (3, '∏Ωº”≥°æ∞3', 1, 1, 3);


commit;

--T_MAM_VIDEO_SERVER
insert into T_MAM_VIDEO_SERVER (ID, NAME, VENDOR, VENDOR_VERSION, IP, PORT, USERNAME, PASSWORD, CHANNEL_NUM)
values (1, 'h5streamServer1', 5, 1, '192.168.3.152', 8078, 'admin', '827ccb0eea8a706c4c34a16891f84e7b', 1000);
--insert into T_MAM_VIDEO_SERVER (ID, NAME, VENDOR, VENDOR_VERSION, IP, PORT, USERNAME, PASSWORD, CHANNEL_NUM)
--values (3, 'ªÙƒ· ”∆µ∑˛ŒÒ2', 3, 1, '192.168.3.202', 554, 'admin', '123456', 16);
--insert into T_MAM_VIDEO_SERVER (ID, NAME, VENDOR, VENDOR_VERSION, IP, PORT, USERNAME, PASSWORD, CHANNEL_NUM)
--values (4, 'ªÙƒ· ”∆µ∑˛ŒÒ3', 4, 1, '192.168.3.203', 554, 'admin', '1234', 16);
--insert into T_MAM_VIDEO_SERVER (ID, NAME, VENDOR, VENDOR_VERSION, IP, PORT, USERNAME, PASSWORD, CHANNEL_NUM)
--values (5, 'ªÙƒ· ”∆µ∑˛ŒÒ4', 4, 1, '192.168.3.204', 554, 'admin', '1234', 16);
commit;


---------------------- ∂®Œª…Ë±∏------------------------------------------------------------------------------------

insert into t_mam_measobj (ID, TUNNEL_ID, STORE_ID, AREA_ID, SECTION_ID, NAME, DATATYPE_ID, OBJTYPE_ID, ACTIVED, DESCRIPTION, LONGITUDE, LATITUDE, HEIGHT, DEVIATION)
values (20001, 0, 0, 0, 0, '∂®Œª…Ë±∏1', 97, 20, 0, null, null, null, null, null);

insert into t_mam_measobj (ID, TUNNEL_ID, STORE_ID, AREA_ID, SECTION_ID, NAME, DATATYPE_ID, OBJTYPE_ID, ACTIVED, DESCRIPTION, LONGITUDE, LATITUDE, HEIGHT, DEVIATION)
values (20002, 0, 0, 0, 0, '∂®Œª…Ë±∏2', 97, 20, 0, null, null, null, null, null);

insert into t_mam_measobj_so (ID, REFRESH_TIME, CV)
values (20001, to_date('19-07-2018 17:23:30', 'dd-mm-yyyy hh24:mi:ss'), '{}');

insert into t_mam_measobj_so (ID, REFRESH_TIME, CV)
values (20002, to_date('19-07-2018 17:23:30', 'dd-mm-yyyy hh24:mi:ss'), '{}');
commit;

------------------------------------------------------------------------------------------------------------------------------------------------------------



--AI


--DI


--SI



--T_MAM_VIDEO_PRESET

insert into T_MAM_VIDEO_PRESET (ID, VIDEO_ID, PRESET_NAME, LONGITUDE, LATITUDE, HEIGHT, PITCH, ROLL, HEADING)
values (1, 7002, 'Preset01', '112.49402813799628', '37.706116840557605', '6.851935788936207', '-0.2724024021381095', '6.283185307178137', '6.271857203436569');

insert into T_MAM_VIDEO_PRESET (ID, VIDEO_ID, PRESET_NAME, LONGITUDE, LATITUDE, HEIGHT, PITCH, ROLL, HEADING)
values (2, 7002, 'Preset02', '112.49403280823496', '37.706207187525536', '7.343995845828308', '-0.27240279740999673', '6.283185307178137', '6.271857253288892');

insert into T_MAM_VIDEO_PRESET (ID, VIDEO_ID, PRESET_NAME, LONGITUDE, LATITUDE, HEIGHT, PITCH, ROLL, HEADING)
values (3, 7002, 'Preset03', '112.49402802733749', '37.70637706815529', '7.3439958483278325', '-0.2724027974099972', '6.283185307178137', '6.271857202252852');

insert into T_MAM_VIDEO_PRESET (ID, VIDEO_ID, PRESET_NAME, LONGITUDE, LATITUDE, HEIGHT, PITCH, ROLL, HEADING)
values (4, 7002, '‘§÷√Œª04', '112.49401917673796', '37.70638185293554', '6.751339453869223', '-0.25434231303567767', '6.283185307178918', '0.09245814690769727');

insert into T_MAM_VIDEO_PRESET (ID, VIDEO_ID, PRESET_NAME, LONGITUDE, LATITUDE, HEIGHT, PITCH, ROLL, HEADING)
values (5, 7001, 'Preset01', '112.49403349357278', '37.70652018691621', '7.544737046692912', '-0.2678876764116045', '6.283185307179586', '0.06024901247377379');

insert into T_MAM_VIDEO_PRESET (ID, VIDEO_ID, PRESET_NAME, LONGITUDE, LATITUDE, HEIGHT, PITCH, ROLL, HEADING)
values (6, 7001, 'Preset02', '112.49402987216697', '37.70683513370194', '7.544737046502993', '-0.2678876764116034', '6.283185307179586', '0.060248973813991746');

insert into T_MAM_VIDEO_PRESET (ID, VIDEO_ID, PRESET_NAME, LONGITUDE, LATITUDE, HEIGHT, PITCH, ROLL, HEADING)
values (7, 7001, 'Preset03', '112.49402844686962', '37.70701112955229', '7.54473704489528', '-0.2678876764116027', '6.283185307179586', '0.06024895859854151');

insert into T_MAM_VIDEO_PRESET (ID, VIDEO_ID, PRESET_NAME, LONGITUDE, LATITUDE, HEIGHT, PITCH, ROLL, HEADING)
values (8, 7001, 'Preset04', '112.49402990535913', '37.707200121673274', '7.999855170227207', '-0.2155167312089037', '4.9187320882992935e-12', '3.172993526338142');

insert into T_MAM_VIDEO_PRESET (ID, VIDEO_ID, PRESET_NAME, LONGITUDE, LATITUDE, HEIGHT, PITCH, ROLL, HEADING)
values (9, 7001, 'Preset05', '112.49403144267245', '37.7069609960568', '7.999855344229916', '-0.21551673120890502', '4.9187320882992935e-12', '3.172993542747524');

insert into T_MAM_VIDEO_PRESET (ID, VIDEO_ID, PRESET_NAME, LONGITUDE, LATITUDE, HEIGHT, PITCH, ROLL, HEADING)
values (10, 7001, 'Preset06', '112.49403082395031', '37.70669497812398', '7.999915993462895', '-0.21551673120890458', '4.9187320882992935e-12', '3.1729935361423527');

insert into T_MAM_VIDEO_PRESET (ID, VIDEO_ID, PRESET_NAME, LONGITUDE, LATITUDE, HEIGHT, PITCH, ROLL, HEADING)
values (11, 7002, 'Preset05', '112.49402413453646', '37.7064711501189', '7.999915994842282', '-0.21551673120890502', '4.9187320882992935e-12', '3.1729934647341027');

insert into T_MAM_VIDEO_PRESET (ID, VIDEO_ID, PRESET_NAME, LONGITUDE, LATITUDE, HEIGHT, PITCH, ROLL, HEADING)
values (12, 7002, 'Preset06', '112.49402578735953', '37.70637986159341', '7.9999159890315985', '-0.21551673120890458', '4.9187320882992935e-12', '3.172993482377395');

insert into T_MAM_VIDEO_PRESET (ID, VIDEO_ID, PRESET_NAME, LONGITUDE, LATITUDE, HEIGHT, PITCH, ROLL, HEADING)
values (13, 7002, 'Preset07', '112.49402911615826', '37.706258094337244', '7.999915990457478', '-0.21551673120890458', '4.9187320882992935e-12', '3.1729935179110234');

insert into T_MAM_VIDEO_PRESET (ID, VIDEO_ID, PRESET_NAME, LONGITUDE, LATITUDE, HEIGHT, PITCH, ROLL, HEADING)
values (14, 7003, 'preset0', '112.49408196250324', '37.70613345876488', '7.999915991913847', '-0.2155167312089019', '4.919620266718994e-12', '6.239803289428259');

insert into T_MAM_VIDEO_PRESET (ID, VIDEO_ID, PRESET_NAME, LONGITUDE, LATITUDE, HEIGHT, PITCH, ROLL, HEADING)
values (15, 7003, 'Preset02', '112.49408510381862', '37.706197587440506', '7.9999159890363885', '-0.21551673120890213', '4.9187320882992935e-12', '6.2398033229604986');

insert into T_MAM_VIDEO_PRESET (ID, VIDEO_ID, PRESET_NAME, LONGITUDE, LATITUDE, HEIGHT, PITCH, ROLL, HEADING)
values (16, 7003, 'Preset03', '112.49407930697184', '37.70634532244847', '7.9999419811600445', '-0.2155167312089028', '4.919620266718994e-12', '6.239803261080567');

insert into T_MAM_VIDEO_PRESET (ID, VIDEO_ID, PRESET_NAME, LONGITUDE, LATITUDE, HEIGHT, PITCH, ROLL, HEADING)
values (17, 7004, 'preset0', '112.49408950743312', '37.706472664166206', '7.99994197859222', '-0.21551673120890347', '4.919620266718994e-12', '6.239803369967195');

insert into T_MAM_VIDEO_PRESET (ID, VIDEO_ID, PRESET_NAME, LONGITUDE, LATITUDE, HEIGHT, PITCH, ROLL, HEADING)
values (18, 7004, 'Preset02', '112.49408655468211', '37.70672179690486', '7.999941981277248', '-0.21551673120890258', '4.9187320882992935e-12', '6.239803338446345');

insert into T_MAM_VIDEO_PRESET (ID, VIDEO_ID, PRESET_NAME, LONGITUDE, LATITUDE, HEIGHT, PITCH, ROLL, HEADING)
values (19, 7004, 'Preset03', '112.49408770385013', '37.70696280610979', '7.9999419857555605', '-0.21551673120890413', '4.9187320882992935e-12', '6.239803350713733');

commit;


--maxview≈‰÷√±Ì
insert into T_MAM_MAXVIEW_CONFIG (ID, NAME, IP, PORT, USERNAME, PASSWORD, CRT_TIME)
values (1, '÷’∂À1', '192.168.6.14', '80', 'admin', '14e24dc8cf60446f56eb163a7b85bce8a53d3f766badf15e86a1af857d9a9012', to_date('15-11-2018', 'dd-mm-yyyy'));
commit;
